relation_id,relation_name,n_queries,mean_rr_gate,mean_rr_residual,mean_delta_rr,mean_delta_rr_raw,mean_delta_rr_shrunk,fusion_win_rate,struct_win_rate,head_has_img_ratio,tail_no_img_ratio,is_visual_prior
0,rel_0000,828,0.11028875024900957,0.29298059531259396,-0.17838307513283974,-0.18269184506358468,-0.17838307513283974,0.4975845410628019,0.4806763285024155,0.37681159420289856,0.5,0
2,rel_0002,30,0.08817775276331458,0.501904260348855,-0.24823590455132424,-0.4137265075855404,-0.24823590455132424,0.43333333333333335,0.5666666666666667,0.4,0.5,0
3,rel_0003,720,0.14252020533041831,0.17625172625332472,-0.032819858195260135,-0.033731520922906245,-0.032819858195260135,0.55,0.4027777777777778,0.3875,0.5,0
5,rel_0005,30,0.10737804073605864,0.1372343684793264,-0.017913796645960656,-0.02985632774326776,-0.017913796645960656,0.5,0.4666666666666667,0.2,0.5,0
6,rel_0006,372,0.11528796283332977,0.12376240465498363,-0.008042072340957128,-0.008474441821653748,-0.008042072340957128,0.6317204301075269,0.34946236559139787,0.33064516129032256,0.5,0
8,rel_0008,1434,0.05474582182525119,0.16502398701327728,-0.10876127158158869,-0.11027816518802647,-0.10876127158158869,0.4735006973500697,0.5146443514644351,0.3577405857740586,0.5,0
9,rel_0009,360,0.1108972205359035,0.34040537210476585,-0.2174287751705014,-0.22950815156886262,-0.2174287751705014,0.5388888888888889,0.4166666666666667,0.39166666666666666,0.5,0
10,rel_0010,972,0.2470021454534317,0.22170802264108486,0.024784160658872453,0.025294122812347195,0.024784160658872453,0.6656378600823045,0.25205761316872427,0.3487654320987654,0.5,1
11,rel_0011,120,0.18157422669961645,0.39942192015707684,-0.1867265943921089,-0.21784769345746038,-0.1867265943921089,0.4583333333333333,0.4666666666666667,0.35,0.5,0
12,rel_0012,120,0.27172586674887117,0.41421946259615045,-0.12213736786909637,-0.1424935958472791,-0.12213736786909637,0.48333333333333334,0.35833333333333334,0.375,0.5,0
13,rel_0013,6,0.180026455026455,0.0011016866372059668,0.04129033116674979,0.17892476838924906,0.04129033116674979,1.0,0.0,0.5,0.5,1
14,rel_0014,24,0.029544269598022362,0.2515147977732678,-0.12107483355013386,-0.22197052817524543,-0.12107483355013386,0.625,0.375,0.125,0.5,0
15,rel_0015,18,0.04057939020793553,0.003747976019694706,0.017446459352324598,0.03683141418824082,0.017446459352324598,0.7222222222222222,0.2777777777777778,0.0,0.5,1
16,rel_0016,342,0.09183252170474888,0.054844467826150635,0.03494451499027788,0.03698805387859823,0.03494451499027788,0.6666666666666666,0.32748538011695905,0.0,0.5,1
18,rel_0018,6,0.0076217482792373835,0.00035119807834669837,0.0016778192771286194,0.007270550200890684,0.0016778192771286194,1.0,0.0,0.5,0.5,1
19,rel_0019,558,0.10090418960548722,0.23851520697648745,-0.13284939047234987,-0.1376110173710004,-0.13284939047234987,0.5125448028673835,0.46236559139784944,0.3387096774193548,0.5,0
20,rel_0020,72,0.05070854966406514,0.2321010846360926,-0.14195937519549978,-0.18139253497202748,-0.14195937519549978,0.5694444444444444,0.4305555555555556,0.375,0.5,0
21,rel_0021,18,0.0463102153450725,0.0004074463855903166,0.021743416875544194,0.04590276895948219,0.021743416875544194,0.7777777777777778,0.2222222222222222,0.3333333333333333,0.5,1
22,rel_0022,210,0.11586930038817171,0.18157776323122937,-0.05999468346540036,-0.06570846284305754,-0.05999468346540036,0.4714285714285714,0.4714285714285714,0.37142857142857144,0.5,0
24,rel_0024,6,0.0003748571749426167,0.006988050964290099,-0.001526121643695573,-0.006613193789347483,-0.001526121643695573,0.5,0.5,0.5,0.5,0
25,rel_0025,48,0.08812494681261042,0.1321526652944365,-0.031078389516583087,-0.04402771848182604,-0.031078389516583087,0.8125,0.1875,0.4375,0.5,0
26,rel_0026,12,0.05875546271070948,0.26816284201956103,-0.07852776724081932,-0.20940737930885153,-0.07852776724081932,0.5,0.5,0.0,0.5,0
27,rel_0027,6,0.21436588103254764,0.5000695488169414,-0.06593161564255241,-0.28570366778439377,-0.06593161564255241,0.5,0.5,0.0,0.5,0
28,rel_0028,318,0.22898754662987847,0.4600999526663965,-0.21743711573849941,-0.23111240603651823,-0.21743711573849941,0.39308176100628933,0.5031446540880503,0.3867924528301887,0.5,0
29,rel_0029,78,0.12735367075140164,0.2694542717997746,-0.11310047838543966,-0.1421006010483729,-0.11310047838543966,0.5769230769230769,0.3717948717948718,0.3076923076923077,0.5,0
30,rel_0030,12,0.07243783060612688,0.03405629559853108,0.014393075627848423,0.03838153500759579,0.014393075627848423,0.5833333333333334,0.3333333333333333,0.5,0.5,1
31,rel_0031,324,0.15678794315569244,0.3065093947131744,-0.14101671600181442,-0.14972145155748198,-0.14101671600181442,0.49691358024691357,0.4567901234567901,0.35185185185185186,0.5,0
32,rel_0032,684,0.1770114874641964,0.31125083825814215,-0.13042573287366316,-0.13423935079394572,-0.13042573287366316,0.5263157894736842,0.42105263157894735,0.36403508771929827,0.5,0
33,rel_0033,6,0.0393306523591715,0.00025714583437445,0.009016963044183934,0.03907350652479705,0.009016963044183934,1.0,0.0,0.0,0.5,1
34,rel_0034,36,0.14807207654993,0.2737763084776602,-0.08080986338211231,-0.12570423192773025,-0.08080986338211231,0.5555555555555556,0.4444444444444444,0.3333333333333333,0.5,0
35,rel_0035,102,0.11332162955746346,0.16901848684623022,-0.046566224946345894,-0.05569685728876665,-0.046566224946345894,0.5980392156862745,0.3627450980392157,0.35294117647058826,0.5,0
36,rel_0036,162,0.2210594901181173,0.40162392942802716,-0.16072219323189788,-0.18056443930990998,-0.16072219323189788,0.47530864197530864,0.4074074074074074,0.24074074074074073,0.5,0
37,rel_0037,12,0.0009450509758417083,0.00020345776244532344,0.00027809745502364435,0.0007415932133963849,0.00027809745502364435,0.75,0.25,0.25,0.5,1
38,rel_0038,510,0.13257735560322292,0.3155887978770225,-0.1761053501125243,-0.18301144227379976,-0.1761053501125243,0.4,0.5509803921568628,0.4,0.5,0
39,rel_0039,60,0.037776097623466454,0.04479241498689892,-0.005262238022574351,-0.007016317363432468,-0.005262238022574351,0.7166666666666667,0.2833333333333333,0.0,0.5,0
40,rel_0040,6,0.15071726981626934,0.5000655443846335,-0.08061883259269943,-0.3493482745683642,-0.08061883259269943,0.5,0.5,0.5,0.5,0
41,rel_0041,42,0.08838460784391097,0.19673542565874197,-0.0733989411003694,-0.10835081781483102,-0.0733989411003694,0.6904761904761905,0.2857142857142857,0.2857142857142857,0.5,0
42,rel_0042,12,0.0043772579852091415,0.000191921991738675,0.0015695009975514249,0.004185335993470467,0.0015695009975514249,1.0,0.0,0.25,0.5,1
43,rel_0043,1026,0.06515542620978451,0.22769235058428905,-0.15942914379373027,-0.16253692437450476,-0.15942914379373027,0.48148148148148145,0.5038986354775828,0.3567251461988304,0.5,0
44,rel_0044,156,0.3031707084364599,0.3401098098138875,-0.03274147622090156,-0.036939101377427404,-0.03274147622090156,0.6217948717948718,0.22435897435897437,0.36538461538461536,0.5,0
45,rel_0045,1272,0.23150349157638403,0.2802859114540634,-0.048027274059139174,-0.0487824198776791,-0.048027274059139174,0.5385220125786163,0.3742138364779874,0.3231132075471698,0.5,0
46,rel_0046,126,0.12623063516402813,0.4063831797283724,-0.24177548366511895,-0.2801525445643442,-0.24177548366511895,0.3492063492063492,0.6111111111111112,0.42857142857142855,0.5,0
47,rel_0047,48,0.3378410094707795,0.3761422410131526,-0.027036163441675098,-0.038301231542373054,-0.027036163441675098,0.5625,0.25,0.3125,0.5,0
48,rel_0048,690,0.08571610101364181,0.1269876860782374,-0.04010900520362117,-0.041271585064595696,-0.04010900520362117,0.5608695652173913,0.4318840579710145,0.36086956521739133,0.5,0
49,rel_0049,138,0.1409567972979486,0.11072541713773557,0.02640462317790759,0.03023138016021304,0.02640462317790759,0.6304347826086957,0.35507246376811596,0.3695652173913043,0.5,1
50,rel_0050,12,0.06554279477866304,0.018460454506091416,0.017655877602214362,0.04708234027257163,0.017655877602214362,0.6666666666666666,0.3333333333333333,0.0,0.5,1
51,rel_0051,12,0.26106151476185013,0.001068658578969692,0.09749732106858018,0.2599928561828805,0.09749732106858018,1.0,0.0,0.5,0.5,1
52,rel_0052,126,0.07129694541971172,0.12040122939278157,-0.04237766973018354,-0.04910428397306981,-0.04237766973018354,0.5317460317460317,0.4523809523809524,0.35714285714285715,0.5,0
53,rel_0053,36,0.2276921036416006,0.33349546800987023,-0.06801644852245904,-0.1058033643682696,-0.06801644852245904,0.6666666666666666,0.19444444444444445,0.4166666666666667,0.5,0
54,rel_0054,48,0.08053387469070346,0.13953427045718456,-0.041647338188104316,-0.05900039576648111,-0.041647338188104316,0.7708333333333334,0.20833333333333334,0.25,0.5,0
55,rel_0055,12,0.4158142047134117,0.10726286131963514,0.1157067537726662,0.30855134339377654,0.1157067537726662,1.0,0.0,0.25,0.5,1
56,rel_0056,6,0.1291081574466165,0.0008986565010215833,0.029586807910521904,0.1282095009455949,0.029586807910521904,1.0,0.0,0.0,0.5,1
57,rel_0057,18,0.27437286921940046,0.008343688058323275,0.1260138226552471,0.2660291811610772,0.1260138226552471,1.0,0.0,0.5,0.5,1
59,rel_0059,6,0.0013209478221498,0.25005623719249487,-0.05740045139315656,-0.2487352893703451,-0.05740045139315656,0.5,0.5,0.0,0.5,0
61,rel_0061,126,0.2424969488816397,0.36020769329738705,-0.1015859849067408,-0.11771074441574728,-0.1015859849067408,0.4603174603174603,0.4603174603174603,0.2857142857142857,0.5,0
62,rel_0062,192,0.16517073558365386,0.2999969669204913,-0.12210677555034329,-0.13482623133683738,-0.12210677555034329,0.4635416666666667,0.515625,0.390625,0.5,0
63,rel_0063,6,0.08362157892233076,0.00031132933077617457,0.019225442213435678,0.0833102495915546,0.019225442213435678,1.0,0.0,0.5,0.5,1
64,rel_0064,162,0.1160193331432717,0.32598165465434337,-0.1868895389274372,-0.20996232151107144,-0.1868895389274372,0.4567901234567901,0.5246913580246914,0.35185185185185186,0.5,0
65,rel_0065,318,0.21946477911594703,0.36771582187761154,-0.13947879171067834,-0.1482510427616644,-0.13947879171067834,0.5377358490566038,0.3522012578616352,0.36792452830188677,0.5,0
66,rel_0066,396,0.13672411541688684,0.4437467585504976,-0.29226193913680276,-0.307022643133611,-0.29226193913680276,0.3181818181818182,0.6313131313131313,0.3560606060606061,0.5,0
68,rel_0068,6,0.0011615723448534087,0.0061496717744944605,-0.0011510998683787047,-0.004988099429641054,-0.0011510998683787047,0.6666666666666666,0.3333333333333333,0.0,0.5,0
69,rel_0069,138,0.09373971369220237,0.2481618917425471,-0.1348750669047315,-0.15442217805034475,-0.1348750669047315,0.5652173913043478,0.39855072463768115,0.41304347826086957,0.5,0
70,rel_0070,48,0.043102887022074376,0.3752049678643892,-0.234424998241634,-0.3321020808423148,-0.234424998241634,0.5833333333333334,0.4166666666666667,0.125,0.5,0
71,rel_0071,90,0.1266178611938061,0.14197139738240858,-0.012561984154311069,-0.015353536188602416,-0.012561984154311069,0.7444444444444445,0.24444444444444444,0.4,0.5,0
72,rel_0072,78,0.23724092399625654,0.410551602633162,-0.13794115238447577,-0.17331067863690544,-0.13794115238447577,0.4230769230769231,0.3717948717948718,0.5,0.5,0
73,rel_0073,24,0.029225642190271472,0.09296448535590814,-0.0347666417267109,-0.06373884316563666,-0.0347666417267109,0.4583333333333333,0.5416666666666666,0.375,0.5,0
74,rel_0074,12,0.003613563167100572,0.0010934614415591924,0.0009450381470780173,0.0025201017255413794,0.0009450381470780173,0.8333333333333334,0.16666666666666666,0.0,0.5,1
77,rel_0077,6,0.1021235830637876,0.0007569058694577614,0.02339231012176843,0.10136667719432986,0.02339231012176843,1.0,0.0,0.0,0.5,1
78,rel_0078,1332,0.21277694974418493,0.38579756111701774,-0.17046113487323453,-0.17302061137283264,-0.17046113487323453,0.3963963963963964,0.4894894894894895,0.3761261261261261,0.5,0
79,rel_0079,36,0.2697800685096885,0.29872321352888065,-0.01860630751233777,-0.028943145019192082,-0.01860630751233777,0.5833333333333334,0.3333333333333333,0.3333333333333333,0.5,0
80,rel_0080,408,0.1145173655210039,0.2267161263427707,-0.10695582807308597,-0.11219876082176665,-0.10695582807308597,0.4803921568627451,0.48284313725490197,0.41911764705882354,0.5,0
81,rel_0081,36,0.3014242415139601,0.38928177693143406,-0.056479844196947585,-0.08785753541747401,-0.056479844196947585,0.5277777777777778,0.3888888888888889,0.16666666666666666,0.5,0
82,rel_0082,1056,0.08199183981059889,0.20705748945566146,-0.12274100931708759,-0.12506564964506273,-0.12274100931708759,0.5151515151515151,0.46875,0.35795454545454547,0.5,0
85,rel_0085,12,0.3729031385281385,0.0007157733320569083,0.13957026194853062,0.37218736519608164,0.13957026194853062,1.0,0.0,0.5,0.5,1
86,rel_0086,1536,0.0984495634106237,0.21723145389398027,-0.11725513096557577,-0.1187818904833567,-0.11725513096557577,0.5143229166666666,0.4654947916666667,0.361328125,0.5,0
87,rel_0087,12,0.015790998988327292,0.037272710032440065,-0.008055641641542287,-0.021481711044112766,-0.008055641641542287,0.6666666666666666,0.3333333333333333,0.5,0.5,0
88,rel_0088,1128,0.20325492078036453,0.3201120445812771,-0.11482128540716874,-0.11685712380091286,-0.11482128540716874,0.4946808510638298,0.40070921985815605,0.3882978723404255,0.5,0
89,rel_0089,66,0.21829972783064583,0.1944889147387542,0.018273414698428494,0.023810813091891675,0.018273414698428494,0.6363636363636364,0.3333333333333333,0.5,0.5,1
90,rel_0090,474,0.12460556068449147,0.25598829183342114,-0.12606359223601762,-0.13138273114892976,-0.12606359223601762,0.5485232067510548,0.39451476793248946,0.3291139240506329,0.5,0
91,rel_0091,120,0.09891440881654064,0.13423334707084494,-0.03027337564654657,-0.035318938254304336,-0.03027337564654657,0.475,0.5,0.275,0.5,0
92,rel_0092,1062,0.14807198020588275,0.41175816141752186,-0.2588121298029223,-0.2636861812116402,-0.2588121298029223,0.3455743879472693,0.608286252354049,0.3728813559322034,0.5,0
93,rel_0093,48,0.12935506102649189,0.08784886687901101,0.02929848998645712,0.04150619414748092,0.02929848998645712,0.7291666666666666,0.25,0.3125,0.5,1
94,rel_0094,396,0.14012414442213156,0.2627400773413012,-0.11672093614420964,-0.12261593291916974,-0.11672093614420964,0.4898989898989899,0.47474747474747475,0.2803030303030303,0.5,0
95,rel_0095,6,0.12308931702762403,0.0004332771176962167,0.028305239979214112,0.12265603990992781,0.028305239979214112,1.0,0.0,0.5,0.5,1
96,rel_0096,1602,0.3968306043722222,0.4362166850516186,-0.038900432335630994,-0.039386080679396675,-0.038900432335630994,0.32397003745318353,0.39263420724094883,0.3389513108614232,0.5,0
97,rel_0097,6,0.010233147103627585,0.500289162902447,-0.11308984979972755,-0.49005601579881936,-0.11308984979972755,0.16666666666666666,0.8333333333333334,0.5,0.5,0
98,rel_0098,204,0.33483111213832545,0.41981641727548086,-0.07739733146419522,-0.08498530513715553,-0.07739733146419522,0.4264705882352941,0.37254901960784315,0.4264705882352941,0.5,0
99,rel_0099,54,0.2185817621764395,0.32147640268723354,-0.07508527821057942,-0.10289464051079401,-0.07508527821057942,0.5740740740740741,0.35185185185185186,0.3888888888888889,0.5,0
100,rel_0100,54,0.10726157574822764,0.13988009093259549,-0.02380270026967385,-0.03261851518436787,-0.02380270026967385,0.7592592592592593,0.24074074074074073,0.3888888888888889,0.5,0
101,rel_0101,150,0.2702687032356828,0.37977485496885893,-0.09662307505868487,-0.10950615173317618,-0.09662307505868487,0.52,0.34,0.28,0.5,0
102,rel_0102,120,0.14385350541651787,0.39615119425022777,-0.21625516185746563,-0.2522976888337099,-0.21625516185746563,0.5083333333333333,0.45,0.325,0.5,0
103,rel_0103,234,0.30371551737824476,0.48691582787418763,-0.16877508919704975,-0.1832003104959429,-0.16877508919704975,0.2948717948717949,0.5341880341880342,0.3333333333333333,0.5,0
104,rel_0104,96,0.08420387280899116,0.31043339186947777,-0.18722442956729932,-0.2262295190604867,-0.18722442956729932,0.3645833333333333,0.625,0.125,0.5,0
105,rel_0105,60,0.1284140376812696,0.30626383427572673,-0.13338734744584285,-0.17784979659445713,-0.13338734744584285,0.38333333333333336,0.55,0.35,0.5,0
106,rel_0106,702,0.24701935084644025,0.37794870039335304,-0.12730249775890928,-0.1309293495469124,-0.12730249775890928,0.48005698005698005,0.405982905982906,0.36752136752136755,0.5,0
107,rel_0107,390,0.24545022365594418,0.3665416863008563,-0.11518456202808709,-0.12109146264491208,-0.11518456202808709,0.4461538461538462,0.3923076923076923,0.36153846153846153,0.5,0
108,rel_0108,18,0.09815591651152142,0.11242151011068896,-0.006757386441710927,-0.014265593599167514,-0.006757386441710927,0.8333333333333334,0.1111111111111111,0.0,0.5,0
109,rel_0109,402,0.11307851988358722,0.3242076489120193,-0.20112300916926457,-0.21112912902843198,-0.20112300916926457,0.38308457711442784,0.5771144278606966,0.39552238805970147,0.5,0
110,rel_0110,18,0.030070341949482684,0.3343330276707539,-0.14412443007849687,-0.3042626857212712,-0.14412443007849687,0.2222222222222222,0.7777777777777778,0.0,0.5,0
112,rel_0112,138,0.07358379564401138,0.4359113673752343,-0.31646332214499184,-0.36232757173122254,-0.31646332214499184,0.42028985507246375,0.572463768115942,0.391304347826087,0.5,0
113,rel_0113,360,0.2672864286810206,0.3974044520929278,-0.12326970639022782,-0.13011802341190715,-0.12326970639022782,0.45,0.38333333333333336,0.35833333333333334,0.5,0
114,rel_0114,6,0.0016066844134417669,0.00028554841625623336,0.00030487753781204615,0.0013211359971855333,0.00030487753781204615,1.0,0.0,0.0,0.5,1
115,rel_0115,354,0.20708481975119822,0.4487109422350488,-0.22870493946332376,-0.24162612248385054,-0.22870493946332376,0.480225988700565,0.4152542372881356,0.3050847457627119,0.5,0
116,rel_0116,570,0.23148945543669677,0.35562248494859144,-0.11992513020640665,-0.1241330295118946,-0.11992513020640665,0.5263157894736842,0.3824561403508772,0.3684210526315789,0.5,0
117,rel_0117,330,0.1925720903411655,0.33527015949691497,-0.13454389377542111,-0.14269806915574967,-0.13454389377542111,0.4575757575757576,0.45454545454545453,0.37272727272727274,0.5,0
118,rel_0118,6,0.01774233792554405,0.5000517920054192,-0.11130218171074042,-0.48230945407987513,-0.11130218171074042,0.3333333333333333,0.6666666666666666,0.5,0.5,0
119,rel_0119,96,0.18870612477358795,0.3476974053389406,-0.13157899081270563,-0.15899128056535264,-0.13157899081270563,0.4895833333333333,0.46875,0.34375,0.5,0
120,rel_0120,6,0.009477355117237967,0.01852504653621695,-0.0020879287889951498,-0.009047691418978982,-0.0020879287889951498,0.16666666666666666,0.8333333333333334,0.5,0.5,0
121,rel_0121,24,0.04743650905275775,0.003655424782207768,0.023880591420299992,0.04378108427054999,0.023880591420299992,0.7916666666666666,0.20833333333333334,0.375,0.5,1
122,rel_0122,12,0.10453220970292428,0.004628100081746166,0.0374640411079418,0.09990410962117813,0.0374640411079418,0.75,0.25,0.25,0.5,1
123,rel_0123,180,0.1976487084150575,0.15681646633731847,0.03674901786996512,0.04083224207773902,0.03674901786996512,0.6722222222222223,0.3,0.36666666666666664,0.5,1
124,rel_0124,96,0.10614363966933338,0.45163020973819973,-0.28591992005699285,-0.34548657006886635,-0.28591992005699285,0.4375,0.5416666666666666,0.15625,0.5,0
125,rel_0125,18,0.30324915086900717,0.5000671522737445,-0.09322957961277033,-0.19681800140473737,-0.09322957961277033,0.5,0.2777777777777778,0.16666666666666666,0.5,0
126,rel_0126,6,0.13137245878127193,9.18196256235999e-05,0.030295532112841916,0.1312806391556483,0.030295532112841916,1.0,0.0,0.0,0.5,1
127,rel_0127,12,0.08050208404068696,0.0009860158295941,0.02981852557915983,0.07951606821109287,0.02981852557915983,1.0,0.0,0.25,0.5,1
128,rel_0128,18,0.20327819876435613,0.0005116701027634945,0.09604730305022806,0.2027665286615926,0.09604730305022806,1.0,0.0,0.0,0.5,1
129,rel_0129,12,0.012367330545142179,0.043936708177900845,-0.011838516612284498,-0.03156937763275866,-0.011838516612284498,0.5,0.5,0.25,0.5,0
130,rel_0130,1668,0.14712395555430696,0.4202189396922896,-0.26985926157710705,-0.2730949841379836,-0.26985926157710705,0.29376498800959233,0.6462829736211031,0.3489208633093525,0.5,0
131,rel_0131,6,0.07794255526022038,0.0200622557546406,0.013356992193595338,0.05788029950557979,0.013356992193595338,0.6666666666666666,0.3333333333333333,0.5,0.5,1
132,rel_0132,42,0.2502282671084629,0.3499461931052301,-0.06755085309458424,-0.09971792599676721,-0.06755085309458424,0.4523809523809524,0.4523809523809524,0.2857142857142857,0.5,0
133,rel_0133,18,0.1336476967694418,0.00040631458866511114,0.06311433892773634,0.13324138218077672,0.06311433892773634,1.0,0.0,0.3333333333333333,0.5,1
134,rel_0134,168,0.27241775794588413,0.33684495911618406,-0.05757324359899126,-0.06442720117029975,-0.05757324359899126,0.5714285714285714,0.25595238095238093,0.375,0.5,0
135,rel_0135,6,0.0507931672231447,0.0004438150762773667,0.011619081264661692,0.05034935214686733,0.011619081264661692,1.0,0.0,0.5,0.5,1
