outer_fold,config_id,hidden_width,learning_rate,negative_weight,count,mae,smooth_l1,spearman,positive_prevalence,positive_auprc,positive_auprc_lift,positive_auroc,harmful_prevalence,harmful_auprc,harmful_auprc_lift,harmful_auroc
1,w32_lr1e-4_neg1p0,32,0.0001,1.0,152208,0.03554105220732708,0.031086279111644903,0.05764161382319842,0.398822663723326,0.4283527043266571,0.029530040603331142,0.5452416001278304,0.211959949542731,0.2084511745374412,-0.003508775005289816,0.4979115896617553
1,w32_lr1e-4_neg1p5,32,0.0001,1.5,152208,0.036152774813093494,0.03134301545697627,0.057380885114703295,0.398822663723326,0.42863014646959124,0.029807482746265268,0.5503614522991433,0.211959949542731,0.20816235995014626,-0.003797589592584749,0.501621865256678
1,w32_lr1e-4_neg2p0,32,0.0001,2.0,152208,0.03656645575891339,0.03151480912083549,0.03662866681438537,0.398822663723326,0.41665079188507176,0.017828128161745782,0.5364679959130004,0.211959949542731,0.2094712914913519,-0.0024886580513791,0.5006534092832837
1,w32_lr1e-4_neg3p0,32,0.0001,3.0,152208,0.03756872210938214,0.032028228716812594,0.045439827629611934,0.398822663723326,0.42727454962293077,0.02845188589960479,0.5520068904444482,0.211959949542731,0.207995657452078,-0.003964292090653021,0.4941128419139428
1,w32_lr3e-4_neg1p0,32,0.0003,1.0,152208,0.03455801183244886,0.03078922063995119,0.07887412731516773,0.398822663723326,0.4384353206404137,0.03961265691708771,0.5483964467314638,0.211959949542731,0.21287254241402442,0.0009125928712934162,0.5083943751534015
1,w32_lr3e-4_neg1p5,32,0.0003,1.5,152208,0.034795307362415824,0.030870039467388533,0.07562631429411219,0.398822663723326,0.44399381850906616,0.045171154785740186,0.564015106108004,0.211959949542731,0.21108969537028743,-0.0008702541724435742,0.4998206467206112
1,w32_lr3e-4_neg2p0,32,0.0003,2.0,152208,0.03521024019687022,0.03102328108445271,0.05733051637060478,0.398822663723326,0.4300831464790138,0.031260482755687824,0.5533148382843898,0.211959949542731,0.21364180009410352,0.0016818505513725157,0.5046481489480383
1,w32_lr3e-4_neg3p0,32,0.0003,3.0,152208,0.03596511921059777,0.031273703829759684,0.059748020638153335,0.398822663723326,0.44607697007181196,0.047254306348485986,0.570655956108322,0.211959949542731,0.2097640629212912,-0.0021958866214397965,0.4923758778777129
1,w32_lr1e-3_neg1p0,32,0.001,1.0,152208,0.034292791203139925,0.030722298617931063,0.1002198121048574,0.398822663723326,0.455705710493719,0.05688304677039302,0.5728250123724611,0.211959949542731,0.2084684334807046,-0.003491516062026412,0.4940580346633223
1,w32_lr1e-3_neg1p5,32,0.001,1.5,152208,0.03422948008627164,0.03072023689728719,0.10475692675765882,0.398822663723326,0.4673973131584407,0.06857464943511471,0.5891344019319151,0.211959949542731,0.2111924572250034,-0.0007674923177276027,0.5002418396825262
1,w32_lr1e-3_neg2p0,32,0.001,2.0,152208,0.034501070595518324,0.030816654054498863,0.07118474351736719,0.398822663723326,0.45087341569741446,0.05205075197408848,0.5751407912395532,0.211959949542731,0.21394437468001917,0.001984425137288165,0.4966421280169757
1,w32_lr1e-3_neg3p0,32,0.001,3.0,152208,0.03594414910067024,0.031235751719330532,0.08634202087126533,0.398822663723326,0.4776258950338053,0.07880323131047934,0.6066176173222589,0.211959949542731,0.20699586207111778,-0.004964087471613227,0.4782386323892246
1,w64_lr1e-4_neg1p0,64,0.0001,1.0,152208,0.03570107494098377,0.031137511477348667,0.0626669416080133,0.398822663723326,0.42244305553552186,0.023620391812195884,0.541854092789702,0.211959949542731,0.20979446486395836,-0.0021654846787726445,0.5072800559830375
1,w64_lr1e-4_neg1p5,64,0.0001,1.5,152208,0.03592822478101056,0.03125554524100632,0.046922058823639035,0.398822663723326,0.41733465421628424,0.018511990492958263,0.5392624566556277,0.211959949542731,0.20775882977683452,-0.004201119765896488,0.4987245438303538
1,w64_lr1e-4_neg2p0,64,0.0001,2.0,152208,0.03588076710823087,0.03125193765529981,0.05213104284419461,0.398822663723326,0.4275402765831642,0.028717612859838204,0.5524118932672174,0.211959949542731,0.20868159539065217,-0.003278354152078833,0.4982422145707101
1,w64_lr1e-4_neg3p0,64,0.0001,3.0,152208,0.037338119125187204,0.03197907343336521,0.03885794314920332,0.398822663723326,0.424950851727963,0.02612818800463701,0.5470007250036651,0.211959949542731,0.207599546998544,-0.004360402544187014,0.4976247927224474
1,w64_lr3e-4_neg1p0,64,0.0003,1.0,152208,0.03471182542062308,0.03082565738008562,0.09004283295751049,0.398822663723326,0.4414449799551199,0.04262231623179391,0.5589487585730414,0.211959949542731,0.21224665975461474,0.00028671021188372836,0.5101839911040166
1,w64_lr3e-4_neg1p5,64,0.0003,1.5,152208,0.034708861185767284,0.030833754824747563,0.09096559233301446,0.398822663723326,0.4520805480853527,0.05325788436202672,0.5736340608935071,0.211959949542731,0.21375089578096593,0.0017909462382349195,0.5081217286728876
1,w64_lr3e-4_neg2p0,64,0.0003,2.0,152208,0.03507831899360898,0.03093625114084407,0.06787993890167048,0.398822663723326,0.4469924369171444,0.04816977319381843,0.5738192925223222,0.211959949542731,0.20891255961955416,-0.003047389923176852,0.49084590997674615
1,w64_lr3e-4_neg3p0,64,0.0003,3.0,152208,0.03636496785881685,0.03143591298654693,0.07345841849590215,0.398822663723326,0.456440294476307,0.05761763075298104,0.5815282480888921,0.211959949542731,0.21254057087167588,0.0005806213289448747,0.49755702386554185
1,w64_lr1e-3_neg1p0,64,0.001,1.0,152208,0.03494338854043949,0.030911671111848043,0.09255143585884207,0.398822663723326,0.45257602853733464,0.053753364814008664,0.5675858282093991,0.211959949542731,0.21244339641573665,0.0004834468730056385,0.5080097765214358
1,w64_lr1e-3_neg1p5,64,0.001,1.5,152208,0.03435507556179683,0.030761344569285767,0.0996198721359587,0.398822663723326,0.4535365783185409,0.05471391459521491,0.5803841191314675,0.211959949542731,0.2141090413185406,0.002149091775809603,0.503679868569749
1,w64_lr1e-3_neg2p0,64,0.001,2.0,152208,0.03465062743259216,0.030843775188595098,0.08125578049934656,0.398822663723326,0.4468787396298615,0.048056075906535545,0.5715158442955571,0.211959949542731,0.21751155964209862,0.00555161009936761,0.5052357409479731
1,w64_lr1e-3_neg3p0,64,0.001,3.0,152208,0.03600251046836334,0.031329984546955965,0.07294878293945162,0.398822663723326,0.47174830995956835,0.07292564623624237,0.5920595690822714,0.211959949542731,0.21222313930154468,0.00026318975881367557,0.48585581650213033
1,w128_lr1e-4_neg1p0,128,0.0001,1.0,152208,0.0352934742372942,0.03096702094694991,0.06581707874606006,0.398822663723326,0.42957032104898885,0.03074765732566287,0.5491340360480567,0.211959949542731,0.20382697578877856,-0.008132973753952444,0.492178223944705
1,w128_lr1e-4_neg1p5,128,0.0001,1.5,152208,0.03514242045882291,0.030944490618124466,0.06837812093112315,0.398822663723326,0.4405380725608526,0.04171540883752661,0.5643825023905843,0.211959949542731,0.2039376946000527,-0.008022254942678303,0.4892680853678185
1,w128_lr1e-4_neg2p0,128,0.0001,2.0,152208,0.03562116662381821,0.031144072049825743,0.0616710794460321,0.398822663723326,0.4390342212687512,0.040211557545425214,0.5645119585865127,0.211959949542731,0.20860108952894907,-0.003358860013781939,0.49480357013155246
1,w128_lr1e-4_neg3p0,128,0.0001,3.0,152208,0.03641005406257338,0.03150136207265714,0.04820292272741132,0.398822663723326,0.4327483318572319,0.033925668133905906,0.5623020744322166,0.211959949542731,0.21033565949281313,-0.0016242900499178758,0.49212665751558526
1,w128_lr3e-4_neg1p0,128,0.0003,1.0,152208,0.03505330918946955,0.030888922920738533,0.08931874070515311,0.398822663723326,0.4428340964581857,0.044011432734859746,0.5586522792473885,0.211959949542731,0.21179212914334383,-0.0001678203993871752,0.5065156566389204
1,w128_lr3e-4_neg1p5,128,0.0003,1.5,152208,0.03541314146764769,0.031047054035993393,0.08243933253063028,0.398822663723326,0.44600585842746254,0.047183194704136566,0.5646051904153532,0.211959949542731,0.21631275689729443,0.0043528073545634205,0.5125384216948419
1,w128_lr3e-4_neg2p0,128,0.0003,2.0,152208,0.035556822194584066,0.031092931844943165,0.08862545955984531,0.398822663723326,0.4521700509798142,0.05334738725648824,0.5723615812986056,0.211959949542731,0.22106679213771863,0.009106842594987619,0.51329297517981
1,w128_lr3e-4_neg3p0,128,0.0003,3.0,152208,0.036820375595282444,0.03162954893493782,0.059583643286018104,0.398822663723326,0.43422442564374475,0.03540176192041877,0.5592884059865901,0.211959949542731,0.2184427551929809,0.00648280565024989,0.5144397599340012
1,w128_lr1e-3_neg1p0,128,0.001,1.0,152208,0.03456629160453989,0.03075682610400123,0.11905582327381437,0.398822663723326,0.46705577968802686,0.06823311596470089,0.5798001175559511,0.211959949542731,0.2225372685354188,0.010577318992687795,0.5093446056728462
1,w128_lr1e-3_neg1p5,128,0.001,1.5,152208,0.03506805753265426,0.030911284732877867,0.12437973706697307,0.398822663723326,0.4717967008812478,0.07297403715792183,0.5893189165950026,0.211959949542731,0.2203424494740679,0.008382499931336884,0.5091313595664161
1,w128_lr1e-3_neg2p0,128,0.001,2.0,152208,0.03488392814798688,0.030878694282710277,0.08492239943086044,0.398822663723326,0.4633732978343907,0.06455063411106471,0.5826477698643948,0.211959949542731,0.21276968362159948,0.0008097340788684737,0.4907436160728964
1,w128_lr1e-3_neg3p0,128,0.001,3.0,152208,0.03592621332369634,0.03132192318222046,0.05050028293083057,0.398822663723326,0.43793743773544525,0.03911477401211927,0.5643470740219808,0.211959949542731,0.21389226808166614,0.001932318538935135,0.4941389652713382
2,w32_lr1e-4_neg1p0,32,0.0001,1.0,152184,0.036289413762626344,0.03130960479597766,0.04749414982146224,0.40056773379593125,0.4160371822274992,0.015469448431567945,0.5332977168139433,0.21006807548756767,0.20891949546394112,-0.0011485800236265553,0.5011042378823014
2,w32_lr1e-4_neg1p5,32,0.0001,1.5,152184,0.03627592477424949,0.03128459980670151,0.051995062838990296,0.40056773379593125,0.4189747305118093,0.018406996715878032,0.5385759143712009,0.21006807548756767,0.20729571243215825,-0.002772363055409427,0.5032834951926267
2,w32_lr1e-4_neg2p0,32,0.0001,2.0,152184,0.03732975840021102,0.03178072415631547,0.040354054520039845,0.40056773379593125,0.4180046650583469,0.017436931262415634,0.5324837054387827,0.21006807548756767,0.21036163695689428,0.0002935614693266031,0.5109993165287016
2,w32_lr1e-4_neg3p0,32,0.0001,3.0,152184,0.03726040675887744,0.03181035543759664,0.033143868773606616,0.40056773379593125,0.415481706302975,0.014913972507043738,0.5410966218138479,0.21006807548756767,0.20478142897169654,-0.0052866465158711295,0.4970269485747698
2,w32_lr3e-4_neg1p0,32,0.0003,1.0,152184,0.03416593604644658,0.030524906727506226,0.09116961080508898,0.40056773379593125,0.4477762025545308,0.047208468758599575,0.5611901465923747,0.21006807548756767,0.2098135452266783,-0.0002545302608893685,0.5034510667006733
2,w32_lr3e-4_neg1p5,32,0.0003,1.5,152184,0.034770359219488775,0.030700780156327562,0.0674842689368512,0.40056773379593125,0.4377182452899662,0.03715051149403498,0.5564131243565203,0.21006807548756767,0.2086564674915489,-0.0014116079960187766,0.5014538636668786
2,w32_lr3e-4_neg2p0,32,0.0003,2.0,152184,0.0349815035175204,0.030786919109456024,0.04467839900508595,0.40056773379593125,0.4296356066658,0.029067872869868727,0.548802592520951,0.21006807548756767,0.20858592578445373,-0.0014821497031139441,0.4997781694026528
2,w32_lr3e-4_neg3p0,32,0.0003,3.0,152184,0.03610056134834624,0.031194160049463474,0.05624056705410274,0.40056773379593125,0.44840376353055694,0.047836029734625696,0.5692056896504994,0.21006807548756767,0.20471752017231,-0.00535055531525766,0.48793468228870446
2,w32_lr1e-3_neg1p0,32,0.001,1.0,152184,0.03390375782950589,0.030483829971274953,0.11021638104302774,0.40056773379593125,0.4704786676132136,0.06991093381728236,0.5849363275593659,0.21006807548756767,0.20424044407453845,-0.005827631413029222,0.4923241216447587
2,w32_lr1e-3_neg1p5,32,0.001,1.5,152184,0.034095004238217215,0.030529034764062477,0.10176520481833413,0.40056773379593125,0.4605116966259924,0.05994396283006115,0.5806938700529032,0.21006807548756767,0.21428292144853292,0.004214845960965247,0.5076614640201442
2,w32_lr1e-3_neg2p0,32,0.001,2.0,152184,0.034024747693711506,0.03053452720652771,0.09859435002678213,0.40056773379593125,0.48233219586569004,0.08176446206975879,0.5980993488735467,0.21006807548756767,0.20944575917028985,-0.0006223163172778268,0.49265130179876104
2,w32_lr1e-3_neg3p0,32,0.001,3.0,152184,0.03537402666633609,0.03094449245894961,0.07450243110899626,0.40056773379593125,0.46845744780012094,0.0678897140041897,0.5903444574212121,0.21006807548756767,0.21004294238489024,-2.5133102677432628e-05,0.49066221371570645
2,w64_lr1e-4_neg1p0,64,0.0001,1.0,152184,0.03502562344126475,0.030755441304206856,0.0656747293683186,0.40056773379593125,0.42627375688574115,0.025706023089809904,0.5439647169161406,0.21006807548756767,0.20351538486537898,-0.006552690622188689,0.49823737568878446
2,w64_lr1e-4_neg1p5,64,0.0001,1.5,152184,0.03557310073964445,0.030964950193845427,0.05463829704243975,0.40056773379593125,0.4246542845764098,0.024086550780478555,0.5433305464500237,0.21006807548756767,0.20547984513575446,-0.004588230351813216,0.5012120909820529
2,w64_lr1e-4_neg2p0,64,0.0001,2.0,152184,0.035794176588040176,0.031064105136592485,0.056787270135765906,0.40056773379593125,0.4265898281523715,0.026022094356440262,0.549811738955484,0.21006807548756767,0.20870457534491588,-0.0013635001426517968,0.5054578458551147
2,w64_lr1e-4_neg3p0,64,0.0001,3.0,152184,0.03686582533125331,0.03154851936889621,0.05356116370678118,0.40056773379593125,0.4340344346450643,0.03346670084913306,0.5608732501288111,0.21006807548756767,0.2052150878739666,-0.004852987613601062,0.49334158326003924
2,w64_lr3e-4_neg1p0,64,0.0003,1.0,152184,0.03446026707644658,0.030575941065037835,0.10256559396275414,0.40056773379593125,0.45687129986471425,0.056303566068783006,0.5741549299963771,0.21006807548756767,0.20412852810395224,-0.0059395473836154344,0.4980006830770909
2,w64_lr3e-4_neg1p5,64,0.0003,1.5,152184,0.034352828727420175,0.03058565925244661,0.08129762905529851,0.40056773379593125,0.4471641077013016,0.04659637390537036,0.5668910456678067,0.21006807548756767,0.20850102320054467,-0.001567052287023002,0.5018868314292747
2,w64_lr3e-4_neg2p0,64,0.0003,2.0,152184,0.034974645757103934,0.03077546303727609,0.0820704912341415,0.40056773379593125,0.44795636649103576,0.047388632695104516,0.5723434850663522,0.21006807548756767,0.2086587484069404,-0.0014093270806272706,0.5010548222115109
2,w64_lr3e-4_neg3p0,64,0.0003,3.0,152184,0.03583713576255477,0.031102722226788292,0.06792849449753022,0.40056773379593125,0.4479952296818813,0.04742749588595008,0.5740284281806223,0.21006807548756767,0.21005645124802744,-1.1624239540236614e-05,0.49566774064194347
2,w64_lr1e-3_neg1p0,64,0.001,1.0,152184,0.03402696747455803,0.030473157472871635,0.11283325230787662,0.40056773379593125,0.4657518619584549,0.06518412816252367,0.5777137136640436,0.21006807548756767,0.20676916575188375,-0.003298909735683919,0.5021598537129407
2,w64_lr1e-3_neg1p5,64,0.001,1.5,152184,0.03410256954563573,0.030519980517482382,0.10407217569314127,0.40056773379593125,0.46918183691652465,0.0686141031205934,0.5828739633295436,0.21006807548756767,0.21229299535724083,0.0022249198696731587,0.5030589018900022
2,w64_lr1e-3_neg2p0,64,0.001,2.0,152184,0.03453681064148975,0.03064848211466479,0.09232941185799923,0.40056773379593125,0.4725296486583586,0.07196191486242737,0.5993804788379066,0.21006807548756767,0.20391624037802683,-0.006151835109540843,0.4790628681746314
2,w64_lr1e-3_neg3p0,64,0.001,3.0,152184,0.03531598823419026,0.030933701274368293,0.06968341939056295,0.40056773379593125,0.4593491998372106,0.05878146604127937,0.5865561950539159,0.21006807548756767,0.2093202354186089,-0.0007478400689587827,0.48771470342595635
2,w128_lr1e-4_neg1p0,128,0.0001,1.0,152184,0.0348818632293832,0.03069094571543349,0.08249012551673662,0.40056773379593125,0.4393276197599207,0.03875988596398944,0.5583109471324141,0.21006807548756767,0.2040040712602651,-0.006064004227302577,0.49802264446989597
2,w128_lr1e-4_neg1p5,128,0.0001,1.5,152184,0.03523559530156607,0.030833522835311385,0.07355298034486853,0.40056773379593125,0.4321708451203069,0.031603111324375655,0.5542611316152816,0.21006807548756767,0.20918294077823638,-0.0008851347093312978,0.508872258280582
2,w128_lr1e-4_neg2p0,128,0.0001,2.0,152184,0.03540203016602243,0.030921190184187927,0.06361938468541893,0.40056773379593125,0.4297803555967369,0.029212621800805638,0.5537372304067713,0.21006807548756767,0.21080293887095636,0.0007348633833886842,0.5085934025060179
2,w128_lr1e-4_neg3p0,128,0.0001,3.0,152184,0.03628527195088789,0.031315309847881806,0.05765755950270774,0.40056773379593125,0.4400718327605237,0.03950409896459245,0.5696522016599329,0.21006807548756767,0.2046423716014507,-0.0054257038861169615,0.48802718783532484
2,w128_lr3e-4_neg1p0,128,0.0003,1.0,152184,0.03448749217341275,0.03058181777330539,0.07830091367865029,0.40056773379593125,0.44162326522818135,0.0410555314322501,0.5611809310985068,0.21006807548756767,0.20175018763788005,-0.008317887849687622,0.4882177716960648
2,w128_lr3e-4_neg1p5,128,0.0003,1.5,152184,0.03469014997715773,0.03064890772921025,0.09525203112733599,0.40056773379593125,0.4527424853059388,0.052174751510007555,0.5729855383559617,0.21006807548756767,0.2074575907282115,-0.0026104847593561853,0.5024304125247712
2,w128_lr3e-4_neg2p0,128,0.0003,2.0,152184,0.03493846145110297,0.030737187390987183,0.08009622674521609,0.40056773379593125,0.4484660051077601,0.04789827131182883,0.5682004118442378,0.21006807548756767,0.21265943030969045,0.0025913548221227767,0.5047937569475094
2,w128_lr3e-4_neg3p0,128,0.0003,3.0,152184,0.03572868011248931,0.031086363674797616,0.07353586564628842,0.40056773379593125,0.4601188340148941,0.05955110021896287,0.5883469592270695,0.21006807548756767,0.20642649512812536,-0.0036415803594423146,0.4839834518338311
2,w128_lr1e-3_neg1p0,128,0.001,1.0,152184,0.034206016668622725,0.03052378626663475,0.10776563714135746,0.40056773379593125,0.45999843978513444,0.05943070598920319,0.575371553841365,0.21006807548756767,0.20871489630487441,-0.0013531791826932593,0.499069343143968
2,w128_lr1e-3_neg1p5,128,0.001,1.5,152184,0.034584654642882004,0.030617699264428325,0.10816869291387336,0.40056773379593125,0.4727876269635261,0.07221989316759486,0.5845589644368234,0.21006807548756767,0.21248710999726964,0.0024190345097019617,0.5013237302955543
2,w128_lr1e-3_neg2p0,128,0.001,2.0,152184,0.03490587471479045,0.030759686285902938,0.0725668381997337,0.40056773379593125,0.4355277084125176,0.03495997461658634,0.5541202777433956,0.21006807548756767,0.22020996529959577,0.010141889812028099,0.5208318268935267
2,w128_lr1e-3_neg3p0,128,0.001,3.0,152184,0.03584908906055538,0.03112474073039023,0.07533252043500681,0.40056773379593125,0.4573257815743285,0.05675804777839727,0.5778687555033118,0.21006807548756767,0.21303959462204952,0.002971519134481848,0.5010693234544076
3,w32_lr1e-4_neg1p0,32,0.0001,1.0,152064,0.0360320745688991,0.031086304411171117,0.03721648023913938,0.4027054398148148,0.4122983325393049,0.009592892724490099,0.5223003649104914,0.20970775462962962,0.2100476558100312,0.0003399011804015861,0.5095888487436687
3,w32_lr1e-4_neg1p5,32,0.0001,1.5,152064,0.03757653249425902,0.031954988073075834,0.026117734593821933,0.4027054398148148,0.40554792477769336,0.002842484962878533,0.5197117087802676,0.20970775462962962,0.20869084882401726,-0.001016905805612367,0.5045799169071378
3,w32_lr1e-4_neg2p0,32,0.0001,2.0,152064,0.03645652809356818,0.03127756042633962,0.02746883321054578,0.4027054398148148,0.40928720628628923,0.006581766471474404,0.5259691292147534,0.20970775462962962,0.21001316532967804,0.0003054107000484141,0.5065224115142536
3,w32_lr1e-4_neg3p0,32,0.0001,3.0,152064,0.03659082530102524,0.031347595644390436,0.042445064445333906,0.4027054398148148,0.4277994689136356,0.025094029098820803,0.5469089494945245,0.20970775462962962,0.20753235110002288,-0.0021754035296067398,0.5000444646173362
3,w32_lr3e-4_neg1p0,32,0.0003,1.0,152064,0.034682365309410296,0.030569742777340207,0.06842297892062489,0.4027054398148148,0.4372563012483456,0.034550861433530755,0.5494103163660468,0.20970775462962962,0.20764051944389345,-0.002067235185736177,0.4996060972445748
3,w32_lr3e-4_neg1p5,32,0.0003,1.5,152064,0.03443439779578678,0.030508727537403198,0.06988547335771185,0.4027054398148148,0.4406270988865145,0.0379216590716997,0.5569142127365441,0.20970775462962962,0.20808548225004775,-0.0016222723795818739,0.5002088478808621
3,w32_lr3e-4_neg2p0,32,0.0003,2.0,152064,0.03506720567459737,0.030716916901776695,0.05824864916012321,0.4027054398148148,0.4364165117651394,0.03371107195032458,0.558639878431384,0.20970775462962962,0.2086405718182546,-0.0010671828113750226,0.5002035346983158
3,w32_lr3e-4_neg3p0,32,0.0003,3.0,152064,0.035836949071513614,0.031020783888535144,0.06105942233871408,0.4027054398148148,0.4501056174484083,0.0474001776335935,0.5749220269632597,0.20970775462962962,0.2059118636603316,-0.003795890969298027,0.4913873808019957
3,w32_lr1e-3_neg1p0,32,0.001,1.0,152064,0.033712130105572904,0.030320719982321977,0.1290694239553854,0.4027054398148148,0.47897906596240153,0.0762736261475867,0.5905240869724689,0.20970775462962962,0.20935288217497466,-0.00035487245465495865,0.5065717480602164
3,w32_lr1e-3_neg1p5,32,0.001,1.5,152064,0.03383709957620205,0.03036681231165113,0.1286333437755347,0.4027054398148148,0.4884926459140759,0.08578720609926105,0.6056578814038935,0.20970775462962962,0.21061971207822694,0.000911957448597317,0.5048189156605041
3,w32_lr1e-3_neg2p0,32,0.001,2.0,152064,0.03411689213938263,0.030440273782081122,0.0896035864893523,0.4027054398148148,0.46838953492301605,0.06568409510820122,0.5851299211781736,0.20970775462962962,0.2110773154239573,0.0013695607943276789,0.49648764345832613
3,w32_lr1e-3_neg3p0,32,0.001,3.0,152064,0.03536769912337252,0.030820163573935643,0.0710728334424679,0.4027054398148148,0.468484521066726,0.06577908125191118,0.5914804631542585,0.20970775462962962,0.20796891837421896,-0.0017388362554106584,0.48498519232346304
3,w64_lr1e-4_neg1p0,64,0.0001,1.0,152064,0.035174022694928433,0.030728354493016835,0.05683451651925185,0.4027054398148148,0.42574216794961683,0.02303672813480201,0.5397107665822382,0.20970775462962962,0.20546210731134157,-0.004245647318288054,0.5009591993884706
3,w64_lr1e-4_neg1p5,64,0.0001,1.5,152064,0.03534397611675344,0.030793871645539563,0.057051879642486605,0.4027054398148148,0.42899428040274334,0.02628884058792852,0.5446545579319882,0.20970775462962962,0.20777130922352358,-0.0019364454061060465,0.5040289884254543
3,w64_lr1e-4_neg2p0,64,0.0001,2.0,152064,0.03542651939299373,0.03083009069940406,0.07049286626661194,0.4027054398148148,0.438847577348766,0.03614213753395118,0.5614291320834224,0.20970775462962962,0.20861395868173238,-0.0010937959478972414,0.505225514186232
3,w64_lr1e-4_neg3p0,64,0.0001,3.0,152064,0.036588162478216134,0.03136283715336912,0.053473953297122095,0.4027054398148148,0.4378301511728256,0.03512471135801076,0.5626074795872988,0.20970775462962962,0.2069752987983786,-0.002732455831251035,0.49423495243404736
3,w64_lr3e-4_neg1p0,64,0.0003,1.0,152064,0.03431143936022991,0.030452209826376243,0.08902065186621488,0.4027054398148148,0.4504254765522174,0.04772003673740255,0.5624468675166971,0.20970775462962962,0.20544521380518918,-0.004262540824440442,0.5023435585405097
3,w64_lr3e-4_neg1p5,64,0.0003,1.5,152064,0.03436352500923653,0.030489428570118673,0.08360198005480766,0.4027054398148148,0.4462248592757595,0.043519419460944675,0.5639478501718631,0.20970775462962962,0.21135072191964085,0.0016429672900112324,0.5085746033853661
3,w64_lr3e-4_neg2p0,64,0.0003,2.0,152064,0.034964685590760505,0.030661797423666603,0.07652488529983337,0.4027054398148148,0.45073672856769265,0.04803128875287782,0.5718636236766815,0.20970775462962962,0.20793891570154585,-0.0017688389280837713,0.49787511787347605
3,w64_lr3e-4_neg3p0,64,0.0003,3.0,152064,0.03570074686353902,0.030979449509884883,0.07543179250841552,0.4027054398148148,0.45212355551521793,0.04941811570040311,0.5792078451440178,0.20970775462962962,0.21230362898663385,0.0025958743570042297,0.5056688850026854
3,w64_lr1e-3_neg1p0,64,0.001,1.0,152064,0.03390232483073972,0.03035441493379691,0.10167424012710384,0.4027054398148148,0.46093625470078786,0.05823081488597304,0.5756293879124601,0.20970775462962962,0.20261593042154655,-0.007091824208083075,0.4901971437576371
3,w64_lr1e-3_neg1p5,64,0.001,1.5,152064,0.03404724982575897,0.030397679755433737,0.11956893916443376,0.4027054398148148,0.47101070858914423,0.06830526877432941,0.588182649320337,0.20970775462962962,0.2144908581269048,0.004783103497275176,0.5140548171101335
3,w64_lr1e-3_neg2p0,64,0.001,2.0,152064,0.0342354521387565,0.03046568600240117,0.0845941447701193,0.4027054398148148,0.4616817933459189,0.058976353531104087,0.5780354004915226,0.20970775462962962,0.21562098413707675,0.005913229507447132,0.49991703473869337
3,w64_lr1e-3_neg3p0,64,0.001,3.0,152064,0.035260394103173276,0.030833385411904137,0.08132522214585998,0.4027054398148148,0.4690197720088927,0.0663143321940779,0.5923292059476609,0.20970775462962962,0.21048055007206382,0.0007727954424341932,0.491846684512052
3,w128_lr1e-4_neg1p0,128,0.0001,1.0,152064,0.03482631149302132,0.030606825587321782,0.07601805275154669,0.4027054398148148,0.43248787226502833,0.029782432450213503,0.5522755503401896,0.20970775462962962,0.20591279199490425,-0.0037949626347253684,0.5038348437462398
3,w128_lr1e-4_neg1p5,128,0.0001,1.5,152064,0.03506488159772804,0.030689167542294626,0.07046358192745471,0.4027054398148148,0.43451760089068087,0.03181216107586604,0.5530679805624853,0.20970775462962962,0.20767462686849425,-0.0020331277611353726,0.5057990923542562
3,w128_lr1e-4_neg2p0,128,0.0001,2.0,152064,0.03532658297813655,0.030798560800891682,0.0621874923140393,0.4027054398148148,0.438153153407762,0.03544771359294718,0.5609573287322606,0.20970775462962962,0.206179358975407,-0.0035283956542226103,0.49651066798869753
3,w128_lr1e-4_neg3p0,128,0.0001,3.0,152064,0.035901636937335585,0.031054821850151938,0.06469163502491143,0.4027054398148148,0.4403729058226379,0.03766746600782306,0.5686983281056378,0.20970775462962962,0.2105454156318899,0.0008376610022602649,0.5004238603999416
3,w128_lr3e-4_neg1p0,128,0.0003,1.0,152064,0.03446697938964563,0.030478116011633898,0.0946010695844865,0.4027054398148148,0.44624315162818096,0.04353771181336613,0.5590885525800087,0.20970775462962962,0.21086403307653162,0.0011562784469019982,0.5120799451378643
3,w128_lr3e-4_neg1p5,128,0.0003,1.5,152064,0.03445004104366834,0.030495506778791225,0.08723499826144908,0.4027054398148148,0.4543174216556523,0.051611981840837484,0.5744807880359147,0.20970775462962962,0.2061572481781084,-0.003550506451521218,0.49572775763036414
3,w128_lr3e-4_neg2p0,128,0.0003,2.0,152064,0.03463063021462626,0.030557472567934226,0.09049289640453281,0.4027054398148148,0.45693689337147964,0.05423145355666481,0.5801497393245436,0.20970775462962962,0.20919297228660255,-0.0005147823430270704,0.49863145070713255
3,w128_lr3e-4_neg3p0,128,0.0003,3.0,152064,0.03554150754534677,0.03092350300947712,0.0668315111410951,0.4027054398148148,0.4548461519963415,0.05214071218152666,0.5829929170966837,0.20970775462962962,0.20821210805418558,-0.001495646575444043,0.4862755452113274
3,w128_lr1e-3_neg1p0,128,0.001,1.0,152064,0.034099654569509225,0.030380169916181594,0.10655189527261368,0.4027054398148148,0.46229582017603554,0.05959038036122072,0.5739369144859094,0.20970775462962962,0.20749719213846377,-0.0022105624911658572,0.5015499161353348
3,w128_lr1e-3_neg1p5,128,0.001,1.5,152064,0.03420811203272823,0.030434277787147943,0.10654720022965708,0.4027054398148148,0.46362000117202584,0.06091456135721102,0.5800291572037529,0.20970775462962962,0.2121679409011299,0.00246018627150027,0.5056164137533888
3,w128_lr1e-3_neg2p0,128,0.001,2.0,152064,0.03488296665711388,0.03064097923865209,0.11425930561359375,0.4027054398148148,0.47831324964555705,0.07560780983074222,0.5969172662465131,0.20970775462962962,0.21194911842369119,0.0022413637940615627,0.5033777298663987
3,w128_lr1e-3_neg3p0,128,0.001,3.0,152064,0.035743298970502664,0.031004228023337386,0.07715077605307281,0.4027054398148148,0.47887770014383574,0.07617226032902091,0.5986962612185813,0.20970775462962962,0.20584518928483536,-0.003862565344794261,0.473948657705772
4,w32_lr1e-4_neg1p0,32,0.0001,1.0,151968,0.036630527831061986,0.031649892919930325,0.03772837161493599,0.4039403032217309,0.4167647323753001,0.012824429153569183,0.5244222930374298,0.21041929879974733,0.2077886883437358,-0.0026306104560115395,0.5034841545525667
4,w32_lr1e-4_neg1p5,32,0.0001,1.5,151968,0.03674882147323554,0.03161784913004248,0.044123523223616824,0.4039403032217309,0.4224529141392501,0.018512610917519212,0.5357391864635177,0.21041929879974733,0.2075643454506159,-0.0028549533491314394,0.504053545017221
4,w32_lr1e-4_neg2p0,32,0.0001,2.0,151968,0.03670409991404103,0.03164442287090046,0.03241861808429489,0.4039403032217309,0.418038421133814,0.014098117912083097,0.5325722553222858,0.21041929879974733,0.20901937643698087,-0.0013999223627664537,0.49907365421609484
4,w32_lr1e-4_neg3p0,32,0.0001,3.0,151968,0.03864602426613566,0.03272631418669714,0.026778834311916015,0.4039403032217309,0.41584862189685234,0.011908318675121432,0.5348282062676059,0.21041929879974733,0.2086098082827422,-0.00180949051700513,0.49791907924069695
4,w32_lr3e-4_neg1p0,32,0.0003,1.0,151968,0.03506517390667968,0.030971925056723637,0.065291382472608,0.4039403032217309,0.43255722621803977,0.028616922996308858,0.5450519979127824,0.21041929879974733,0.20789986844465996,-0.0025194303550873653,0.5000002905952277
4,w32_lr3e-4_neg1p5,32,0.0003,1.5,151968,0.0348449037969674,0.03090951873828507,0.07134003499072943,0.4039403032217309,0.44364749144341104,0.03970718822168012,0.5573551864366078,0.21041929879974733,0.21112806704456882,0.0007087682448214949,0.5051556708118257
4,w32_lr3e-4_neg2p0,32,0.0003,2.0,151968,0.03555965004582182,0.031124238915661052,0.057153385798135455,0.4039403032217309,0.4371864987708334,0.033246195549102464,0.5557776937459816,0.21041929879974733,0.20916625023938207,-0.0012530485603652608,0.4999635000666038
4,w32_lr3e-4_neg3p0,32,0.0003,3.0,151968,0.036070753145597004,0.03133468595171132,0.058832776472157906,0.4039403032217309,0.4483206638758138,0.04438036065408291,0.5698965077616654,0.21041929879974733,0.21008127252502254,-0.00033802627472478974,0.4952777149616448
4,w32_lr1e-3_neg1p0,32,0.001,1.0,151968,0.034122301603899424,0.030724768441856114,0.11473832746249622,0.4039403032217309,0.4751905148959926,0.07125021167426171,0.5900966999451038,0.21041929879974733,0.20453499260697333,-0.005884306192773997,0.4890135390732533
4,w32_lr1e-3_neg1p5,32,0.001,1.5,151968,0.034237377503329676,0.03076085313461948,0.10485739278328983,0.4039403032217309,0.4772913944715707,0.0733510912498398,0.5894261552348574,0.21041929879974733,0.20959374288797386,-0.0008255559117734679,0.4986749188611929
4,w32_lr1e-3_neg2p0,32,0.001,2.0,151968,0.034693721513202595,0.03087926607509135,0.11903750499998673,0.4039403032217309,0.4985111252334304,0.09457082201169947,0.6103987191037649,0.21041929879974733,0.213462566606209,0.0030432678064616636,0.5005071486156252
4,w32_lr1e-3_neg3p0,32,0.001,3.0,151968,0.03547797869509968,0.031125243800196583,0.08077653331063099,0.4039403032217309,0.4871221574319703,0.08318185421023938,0.6024592883396003,0.21041929879974733,0.20911643200305732,-0.0013028667966900054,0.4801360926881099
4,w64_lr1e-4_neg1p0,64,0.0001,1.0,151968,0.035667164889060646,0.031127824793373962,0.06232557360583798,0.4039403032217309,0.4266565014949575,0.022716198273226573,0.5396801842918417,0.21041929879974733,0.20671305005681864,-0.003706248742928686,0.5029414869904841
4,w64_lr1e-4_neg1p5,64,0.0001,1.5,151968,0.036172191345588384,0.031350227760197434,0.052397872242387525,0.4039403032217309,0.43042552931732114,0.02648522609559023,0.5470921817156867,0.21041929879974733,0.20282694846503516,-0.007592350334712172,0.49356009257688416
4,w64_lr1e-4_neg2p0,64,0.0001,2.0,151968,0.03630580833121908,0.031424314091268335,0.060837139904458146,0.4039403032217309,0.4319288874901495,0.027988584268418604,0.552672965567495,0.21041929879974733,0.20906782413379274,-0.0013514746659545884,0.5045914571121995
4,w64_lr1e-4_neg3p0,64,0.0001,3.0,151968,0.036846112544365685,0.031687870840010936,0.04866989254481127,0.4039403032217309,0.4280222573976289,0.02408195417589798,0.5538595152606987,0.21041929879974733,0.20961663772041317,-0.0008026610793341604,0.49999096327029124
4,w64_lr3e-4_neg1p0,64,0.0003,1.0,151968,0.034694776757708434,0.030836455576942343,0.08314761104181628,0.4039403032217309,0.44498164744478136,0.04104134422305045,0.5535463322836236,0.21041929879974733,0.20966486996387168,-0.0007544288358756479,0.5060332209657883
4,w64_lr3e-4_neg1p5,64,0.0003,1.5,151968,0.03506171996344037,0.03095680381074355,0.06897480975584408,0.4039403032217309,0.4395195365132181,0.03557923329148721,0.5561832196921158,0.21041929879974733,0.21120809768258503,0.0007887988828376991,0.5041487055718231
4,w64_lr3e-4_neg2p0,64,0.0003,2.0,151968,0.035104275500242074,0.03098060167964742,0.07546165800226166,0.4039403032217309,0.45144877646153725,0.04750847323980634,0.5769309351664106,0.21041929879974733,0.20666671345315046,-0.003752585346596865,0.490025420715385
4,w64_lr3e-4_neg3p0,64,0.0003,3.0,151968,0.03623143621635482,0.03141338889461969,0.066300132075258,0.4039403032217309,0.44905922397295733,0.04511892075122642,0.5741997797705702,0.21041929879974733,0.21016240154455784,-0.0002568972551894866,0.49727536819954976
4,w64_lr1e-3_neg1p0,64,0.001,1.0,151968,0.034261740089280186,0.030737774087305682,0.11329858136476217,0.4039403032217309,0.4675615309718932,0.06362122775016227,0.5758697370027857,0.21041929879974733,0.21282427398723552,0.0024049751874881953,0.5088833480744995
4,w64_lr1e-3_neg1p5,64,0.001,1.5,151968,0.034425573949352396,0.030794926106656767,0.09828565744585854,0.4039403032217309,0.45071161212575983,0.04677130890402892,0.56342432246638,0.21041929879974733,0.22179395594629217,0.011374657146544842,0.5261506233559401
4,w64_lr1e-3_neg2p0,64,0.001,2.0,151968,0.034695697240671786,0.030859627233951373,0.11464532818922153,0.4039403032217309,0.4967628460716149,0.092822542849884,0.6099268754323248,0.21041929879974733,0.20993959447562902,-0.000479704324118313,0.4929257136822085
4,w64_lr1e-3_neg3p0,64,0.001,3.0,151968,0.03616293997539791,0.03142016928742971,0.08160390760294084,0.4039403032217309,0.4644581182000048,0.06051781497827391,0.5844506802016516,0.21041929879974733,0.2138284651990514,0.003409166399304081,0.5001705322257615
4,w128_lr1e-4_neg1p0,128,0.0001,1.0,151968,0.03527806874808067,0.031002586793244476,0.0829224604455979,0.4039403032217309,0.44138151722970914,0.03744121400797823,0.5522525206397012,0.21041929879974733,0.2096756547861435,-0.000743644013603828,0.5091850913429947
4,w128_lr1e-4_neg1p5,128,0.0001,1.5,151968,0.035257645179496644,0.031000271798461116,0.07773161068846945,0.4039403032217309,0.4418059517219768,0.037865648500245874,0.5613536308822736,0.21041929879974733,0.20925223963346437,-0.0011670591662829577,0.5047631369936425
4,w128_lr1e-4_neg2p0,128,0.0001,2.0,151968,0.03564861719880664,0.031157323743284726,0.07377292416796649,0.4039403032217309,0.4503822607497222,0.046441957527991296,0.5712501795793523,0.21041929879974733,0.2048189167994825,-0.005600382000264831,0.49187122217912993
4,w128_lr1e-4_neg3p0,128,0.0001,3.0,151968,0.03635399675007469,0.031453637319991,0.057086340874517916,0.4039403032217309,0.45172141682383815,0.04778111360210724,0.573864569415639,0.21041929879974733,0.20885420062648125,-0.001565098173266083,0.4858442327217656
4,w128_lr3e-4_neg1p0,128,0.0003,1.0,151968,0.0347433656712369,0.030838764315363292,0.08587293674656987,0.4039403032217309,0.4480121332532104,0.044071830031479464,0.5533526010615125,0.21041929879974733,0.21028449290094964,-0.00013480589879769078,0.5068421724023835
4,w128_lr3e-4_neg1p5,128,0.0003,1.5,151968,0.03481898595592398,0.030877918950011404,0.08716316240484429,0.4039403032217309,0.4556145739629008,0.05167427074116987,0.5725145784940497,0.21041929879974733,0.2099775471377697,-0.0004417516619776296,0.4988395972220146
4,w128_lr3e-4_neg2p0,128,0.0003,2.0,151968,0.035296578717613394,0.03103893256997762,0.07493220236312703,0.4039403032217309,0.4511032870604223,0.047162983838691386,0.5694760811776558,0.21041929879974733,0.21018505572597038,-0.00023424307377695186,0.49958487285895975
4,w128_lr3e-4_neg3p0,128,0.0003,3.0,151968,0.036246520607817356,0.03142027960704435,0.09061492273918255,0.4039403032217309,0.4726968187448838,0.06875651552315287,0.5934742388596201,0.21041929879974733,0.21270207622056808,0.002282777420820753,0.4984554618665335
4,w128_lr1e-3_neg1p0,128,0.001,1.0,151968,0.03457783659207506,0.030799328756503284,0.12309846428156211,0.4039403032217309,0.4687643405067018,0.06482403728497088,0.5810938569045841,0.21041929879974733,0.21248590251736849,0.002066603717621157,0.5080178534525072
4,w128_lr1e-3_neg1p5,128,0.001,1.5,151968,0.034924084473922964,0.03090122441870838,0.09145841151604418,0.4039403032217309,0.4647000036161069,0.060759700394376004,0.579811965752978,0.21041929879974733,0.2087101355202797,-0.0017091632794676292,0.4962632366194599
4,w128_lr1e-3_neg2p0,128,0.001,2.0,151968,0.0353937855176181,0.031084720364080144,0.08430683424184277,0.4039403032217309,0.47801791652603226,0.07407761330430135,0.588408881532125,0.21041929879974733,0.2076359955182864,-0.002783303281460925,0.48688803058109087
4,w128_lr1e-3_neg3p0,128,0.001,3.0,151968,0.03591256369554861,0.03131520035614757,0.07984569362321949,0.4039403032217309,0.460103853376107,0.056163550154376074,0.5803047921957036,0.21041929879974733,0.215575536142782,0.005156237343034664,0.5024313589267493
5,w32_lr1e-4_neg1p0,32,0.0001,1.0,152088,0.03747125940773256,0.032017514208399454,0.037351399990819226,0.3993543211824733,0.4115431356596597,0.012188814477186394,0.5276459865361195,0.21081873652096156,0.20503615048387613,-0.005782586037085424,0.4979587079210456
5,w32_lr1e-4_neg1p5,32,0.0001,1.5,152088,0.037559319239291344,0.03199518740653238,0.03240477819953398,0.3993543211824733,0.4069914031092863,0.00763708192681295,0.5242792229306679,0.21081873652096156,0.2074396168297032,-0.00337911969125837,0.5035538964396816
5,w32_lr1e-4_neg2p0,32,0.0001,2.0,152088,0.03712382518843788,0.031783940733117334,0.02703307250615966,0.3993543211824733,0.41473900011485415,0.015384678932380824,0.5256597907087781,0.21081873652096156,0.2112308885214933,0.0004121520005317403,0.5063739166712785
5,w32_lr1e-4_neg3p0,32,0.0001,3.0,152088,0.03781731111248569,0.03207479105454268,0.032398420731903445,0.3993543211824733,0.41715579530861274,0.017801474126139416,0.5361554514802425,0.21081873652096156,0.2083310898099903,-0.002487646710971264,0.5010615638422696
5,w32_lr3e-4_neg1p0,32,0.0003,1.0,152088,0.0348234592645144,0.03073999658246234,0.06304900463302422,0.3993543211824733,0.4311797809788157,0.03182545979634238,0.5482092622231941,0.21081873652096156,0.20360385446837065,-0.00721488205259091,0.4946673035784066
5,w32_lr3e-4_neg1p5,32,0.0003,1.5,152088,0.03522827757653126,0.03086235392914239,0.0656142378473945,0.3993543211824733,0.43254420597329873,0.03318988479082541,0.5545832681944917,0.21081873652096156,0.20596090361762312,-0.004857832903338438,0.5006178693071479
5,w32_lr3e-4_neg2p0,32,0.0003,2.0,152088,0.03509444382144707,0.03086695546953023,0.06752471349172305,0.3993543211824733,0.4426567417723678,0.043302420589894475,0.566129294032259,0.21081873652096156,0.20726607611334838,-0.0035526604076131785,0.49845573138485566
5,w32_lr3e-4_neg3p0,32,0.0003,3.0,152088,0.03578546923600838,0.0311193867767075,0.056503212849234326,0.3993543211824733,0.45128514485195204,0.05193082366947871,0.5765415085499624,0.21081873652096156,0.2065290971312076,-0.004289639389753963,0.485976955140968
5,w32_lr1e-3_neg1p0,32,0.001,1.0,152088,0.03399310022846403,0.03054100236150017,0.1085953247946079,0.3993543211824733,0.46659070731767077,0.06723638613519745,0.5858121093880617,0.21081873652096156,0.2013657104058797,-0.009453026115081864,0.48892648776122344
5,w32_lr1e-3_neg1p5,32,0.001,1.5,152088,0.03406366099339729,0.030581357221478665,0.09765071914981635,0.3993543211824733,0.46677309025131564,0.06741876906884231,0.584917336064781,0.21081873652096156,0.20630962203856976,-0.004509114482391802,0.4934918513991243
5,w32_lr1e-3_neg2p0,32,0.001,2.0,152088,0.03455054945658986,0.03068482174986619,0.1009720844560461,0.3993543211824733,0.46978037762474534,0.07042605644227201,0.5936512313333707,0.21081873652096156,0.20847836451525129,-0.002340372005710273,0.4973869364133229
5,w32_lr1e-3_neg3p0,32,0.001,3.0,152088,0.035331044990683264,0.03095415602435368,0.06541010289872991,0.3993543211824733,0.46110061674320524,0.06174629556073191,0.58706263357499,0.21081873652096156,0.2076431467385058,-0.0031755897824557455,0.48439732225525095
5,w64_lr1e-4_neg1p0,64,0.0001,1.0,152088,0.035835502025642056,0.031063841550526113,0.06254683494033701,0.3993543211824733,0.4304336240630531,0.03107930288057975,0.5464363828570304,0.21081873652096156,0.20581470072562846,-0.005004035795333095,0.4988119933870819
5,w64_lr1e-4_neg1p5,64,0.0001,1.5,152088,0.0352715562311206,0.03088222241410117,0.0573310065409314,0.3993543211824733,0.4302667211017328,0.03091239991925948,0.548152090008086,0.21081873652096156,0.20575760560165676,-0.005061130919304796,0.4964272685318037
5,w64_lr1e-4_neg2p0,64,0.0001,2.0,152088,0.035681351124329984,0.031053858801605515,0.055786100364112155,0.3993543211824733,0.42435365587545204,0.024999334692978714,0.5502778040743656,0.21081873652096156,0.20970634916568248,-0.0011123873552790764,0.5044611855371204
5,w64_lr1e-4_neg3p0,64,0.0001,3.0,152088,0.036636087014658356,0.031510744680292746,0.04475510118402264,0.3993543211824733,0.4335845730627951,0.03423025188032175,0.5572020201738366,0.21081873652096156,0.20661011386292255,-0.004208622658039007,0.4880551550045034
5,w64_lr3e-4_neg1p0,64,0.0003,1.0,152088,0.03455729415704714,0.030651962254539193,0.09113367911491944,0.3993543211824733,0.44522881303457124,0.04587449185209791,0.5603792443241519,0.21081873652096156,0.21068299842866106,-0.00013573809230049694,0.5084433813888707
5,w64_lr3e-4_neg1p5,64,0.0003,1.5,152088,0.03468024031759094,0.03069385428488386,0.09058969149790996,0.3993543211824733,0.4445543914080359,0.04520007022556255,0.5677156924905751,0.21081873652096156,0.21100356994229774,0.00018483342133618352,0.5062657346587813
5,w64_lr3e-4_neg2p0,64,0.0003,2.0,152088,0.03486073602480857,0.030773068108657733,0.0730484626090429,0.3993543211824733,0.4504343687698303,0.05108004758735696,0.5737828292036685,0.21081873652096156,0.20727279391993336,-0.003545942601028196,0.4914713525846386
5,w64_lr3e-4_neg3p0,64,0.0003,3.0,152088,0.0359521766190422,0.03119619594114308,0.053660336087357444,0.3993543211824733,0.43863815729416966,0.039283836111696335,0.5656957939773447,0.21081873652096156,0.20825977601322931,-0.002558960507732244,0.4910162039542763
5,w64_lr1e-3_neg1p0,64,0.001,1.0,152088,0.03405479436234859,0.03053984468937167,0.099322634007671,0.3993543211824733,0.4590355793409093,0.059681258158436,0.5731682453062316,0.21081873652096156,0.2098532852593779,-0.0009654512615836497,0.5018373157932802
5,w64_lr1e-3_neg1p5,64,0.001,1.5,152088,0.03424080340772285,0.030588249316036323,0.10152621349360569,0.3993543211824733,0.4619779730120619,0.06262365182958857,0.5807856039190306,0.21081873652096156,0.21282982510245335,0.0020110885814917934,0.5075226173361842
5,w64_lr1e-3_neg2p0,64,0.001,2.0,152088,0.034801109465397814,0.030765104721236024,0.08196984074886228,0.3993543211824733,0.46463530777792755,0.06528098659545423,0.5845379115584904,0.21081873652096156,0.21141743452348286,0.0005986980025212973,0.4926240566415592
5,w64_lr1e-3_neg3p0,64,0.001,3.0,152088,0.035823161869837916,0.031138139585869567,0.06918684781321131,0.3993543211824733,0.45018946784260166,0.05083514666012834,0.5758601562227698,0.21081873652096156,0.2155083584175844,0.0046896218966228365,0.5032450108329543
5,w128_lr1e-4_neg1p0,128,0.0001,1.0,152088,0.03520596751090001,0.030846572838111333,0.06341370495277622,0.3993543211824733,0.42721292017521206,0.027858598992738737,0.5458072607669461,0.21081873652096156,0.20631085723960457,-0.004507879281356986,0.4988616529620141
5,w128_lr1e-4_neg1p5,128,0.0001,1.5,152088,0.035182168204408955,0.030856023936614973,0.0694525012370874,0.3993543211824733,0.43385245932347055,0.034498138140997225,0.5547569786310711,0.21081873652096156,0.2109475566263564,0.00012882010539483346,0.5082664686984356
5,w128_lr1e-4_neg2p0,128,0.0001,2.0,152088,0.03545232187552149,0.030965033727634542,0.06708593657400454,0.3993543211824733,0.4347671662477938,0.0354128450653205,0.5579469490113692,0.21081873652096156,0.2085821626311716,-0.0022365738897899556,0.501701995348501
5,w128_lr1e-4_neg3p0,128,0.0001,3.0,152088,0.03621484342202865,0.03130953117058903,0.05936530037206415,0.3993543211824733,0.4440302580017268,0.04467593681925347,0.5704154001794433,0.21081873652096156,0.209442683493195,-0.001376053027766555,0.4941323595613544
5,w128_lr3e-4_neg1p0,128,0.0003,1.0,152088,0.034458473902478734,0.030625863512919016,0.09031544283074783,0.3993543211824733,0.44402610105745344,0.04467177987498011,0.5598953823233017,0.21081873652096156,0.2083622797732555,-0.0024564567477060595,0.5023325782479262
5,w128_lr3e-4_neg1p5,128,0.0003,1.5,152088,0.034668515041037455,0.030692726665169496,0.09233169084370542,0.3993543211824733,0.4473820096206908,0.048027688438217475,0.5658653003082048,0.21081873652096156,0.21558315296107766,0.004764416440116104,0.512503142587375
5,w128_lr3e-4_neg2p0,128,0.0003,2.0,152088,0.03498413890410785,0.030825089823886005,0.07701979221793379,0.3993543211824733,0.44718204073902923,0.0478277195565559,0.5743129169924268,0.21081873652096156,0.2088535607175619,-0.001965175803399666,0.4937658346201526
5,w128_lr3e-4_neg3p0,128,0.0003,3.0,152088,0.035995821848668286,0.031212327797561373,0.08366318620057982,0.3993543211824733,0.46671937899957167,0.06736505781709834,0.5903737310790882,0.21081873652096156,0.21105991987784567,0.00024118335688411152,0.4937534726060661
5,w128_lr1e-3_neg1p0,128,0.001,1.0,152088,0.034496506226213745,0.030619702302369132,0.10291781141343974,0.3993543211824733,0.45535891338475737,0.05600459220228404,0.5668103996210169,0.21081873652096156,0.21469426065837724,0.0038755241374156812,0.5024113381290063
5,w128_lr1e-3_neg1p5,128,0.001,1.5,152088,0.03468955900485345,0.03069243238022901,0.09324722423372797,0.3993543211824733,0.4564168251376227,0.05706250395514939,0.5734832641420877,0.21081873652096156,0.21251006105336503,0.0016913245324034765,0.5010964359553455
5,w128_lr1e-3_neg2p0,128,0.001,2.0,152088,0.03471059975700899,0.030724633763191195,0.07097869348434793,0.3993543211824733,0.44827285890663304,0.048918537724159716,0.571454070582891,0.21081873652096156,0.2106535764623512,-0.0001651600586103641,0.4923194276514935
5,w128_lr1e-3_neg3p0,128,0.001,3.0,152088,0.035852655090434456,0.0312341560766839,0.0852084590310647,0.3993543211824733,0.479394524474507,0.08004020329203365,0.6040446661544421,0.21081873652096156,0.20532581537892852,-0.005492921142033036,0.47657226699131044
