representation,outer_fold,config_id,hidden_width,learning_rate,negative_weight,count,mae,smooth_l1,spearman,positive_prevalence,positive_auprc,positive_auprc_lift,positive_auroc,harmful_prevalence,harmful_auprc,harmful_auprc_lift,harmful_auroc
C2,1,w32_lr1e-4_neg1p0,32,0.0001,1.0,82152,0.026559594847241373,0.020980040067598554,0.028614752331034284,0.4167275294575908,0.43097996631121505,0.014252436853624262,0.5211026345123656,0.16221151037101958,0.16552573371324594,0.0033142233422263634,0.49839153263437946
C2,1,w32_lr1e-4_neg1p5,32,0.0001,1.5,82152,0.031216383348186168,0.024284869346924233,0.027278513451661497,0.4167275294575908,0.42088882958006146,0.004161300122470679,0.5231454730645052,0.16221151037101958,0.1669646929558587,0.004753182584839116,0.5031493865737393
C2,1,w32_lr1e-4_neg2p0,32,0.0001,2.0,82152,0.028670238637804588,0.02239767748671264,0.03882864462960963,0.4167275294575908,0.433868996461197,0.017141467003606192,0.5288850061397761,0.16221151037101958,0.16743914351111763,0.005227633140098054,0.505277601377471
C2,1,w32_lr1e-4_neg3p0,32,0.0001,3.0,82152,0.02681889839806239,0.021050364162152176,0.054663268794074044,0.4167275294575908,0.4441369721640127,0.027409442706421927,0.5485273243968832,0.16221151037101958,0.1664878685108973,0.004276358139877728,0.5057154255431543
C2,1,w32_lr3e-4_neg1p0,32,0.0003,1.0,82152,0.024391804092629952,0.019694830512022622,0.050113994401913005,0.4167275294575908,0.43878778161210236,0.022060252154511573,0.5354681414008149,0.16221151037101958,0.16819868032578583,0.005987169954766253,0.5008853607606405
C2,1,w32_lr3e-4_neg1p5,32,0.0003,1.5,82152,0.02361290258201438,0.019255083449496984,0.06580172449716568,0.4167275294575908,0.44584899400152705,0.02912146454393627,0.5458758561990463,0.16221151037101958,0.1695549506322051,0.007343440261185524,0.5095985977057672
C2,1,w32_lr3e-4_neg2p0,32,0.0003,2.0,82152,0.023415618728304506,0.019117731757490018,0.0819393567486089,0.4167275294575908,0.46274807931001477,0.046020549852423986,0.5615762726294715,0.16221151037101958,0.16926352648471626,0.007052016113696685,0.5073601444311066
C2,1,w32_lr3e-4_neg3p0,32,0.0003,3.0,82152,0.023815844745099252,0.019323251182683306,0.08380717493118078,0.4167275294575908,0.47063555568350257,0.05390802622591179,0.5755272479752434,0.16221151037101958,0.1678977252257986,0.00568621485477902,0.5054485676083575
C2,1,w32_lr1e-3_neg1p0,32,0.001,1.0,82152,0.021216537623720482,0.0184562270320756,0.15366239183384722,0.4167275294575908,0.5158838465622106,0.09915631710461986,0.6083812959412416,0.16221151037101958,0.16926379723298307,0.0070522868619634915,0.49959668668608986
C2,1,w32_lr1e-3_neg1p5,32,0.001,1.5,82152,0.02197021827244786,0.018692790498755316,0.1230247797891391,0.4167275294575908,0.4916117423006826,0.07488421284309182,0.5936068358966424,0.16221151037101958,0.16695788604261347,0.004746375671593889,0.5008900746905873
C2,1,w32_lr1e-3_neg2p0,32,0.001,2.0,82152,0.021690379007691364,0.01859324207066611,0.1469045211139128,0.4167275294575908,0.5135965663517025,0.09686903689411169,0.6222008247252208,0.16221151037101958,0.16601984862386926,0.00380833825284968,0.5026649268291005
C2,1,w32_lr1e-3_neg3p0,32,0.001,3.0,82152,0.02226159412677396,0.018703028843673874,0.1399216380104093,0.4167275294575908,0.5156070993386026,0.09887956988101182,0.6172789806423069,0.16221151037101958,0.17482179484569088,0.012610284474671302,0.5250911762475376
C2,1,w64_lr1e-4_neg1p0,64,0.0001,1.0,82152,0.026518029707665515,0.020869044321247286,0.05412641893196565,0.4167275294575908,0.4406279728794268,0.023900443421836004,0.5352005507527425,0.16221151037101958,0.1667517961011487,0.004540285730129129,0.502554950031165
C2,1,w64_lr1e-4_neg1p5,64,0.0001,1.5,82152,0.025497123736072252,0.02027817855048573,0.05359551883510945,0.4167275294575908,0.43515532087117603,0.01842779141358525,0.5375104124217714,0.16221151037101958,0.1676464742290389,0.005434963858019309,0.5048434373627838
C2,1,w64_lr1e-4_neg2p0,64,0.0001,2.0,82152,0.026410407927375312,0.02089669997151761,0.04586236655032892,0.4167275294575908,0.4338018383458774,0.017074308888286593,0.5382662368576031,0.16221151037101958,0.16812414641140094,0.005912636040381364,0.5060546071675835
C2,1,w64_lr1e-4_neg3p0,64,0.0001,3.0,82152,0.02739610824267742,0.02142470013683714,0.06275338204561884,0.4167275294575908,0.4482754015369031,0.03154787207931231,0.5519589727135732,0.16221151037101958,0.1692286425914734,0.007017132220453831,0.506495639008045
C2,1,w64_lr3e-4_neg1p0,64,0.0003,1.0,82152,0.023267191129714728,0.01907792180024869,0.06765754314489271,0.4167275294575908,0.4529628528822863,0.03623532342469554,0.5469469527414376,0.16221151037101958,0.16683759588183295,0.004626085510813366,0.49614358063005615
C2,1,w64_lr3e-4_neg1p5,64,0.0003,1.5,82152,0.023267447333335446,0.019045272640931185,0.0884640820059837,0.4167275294575908,0.46970446606624333,0.05297693660865255,0.5681787316872249,0.16221151037101958,0.16681684022857168,0.004605329857552104,0.4985744742207813
C2,1,w64_lr3e-4_neg2p0,64,0.0003,2.0,82152,0.023292200815137304,0.019103034744556917,0.07295071597168189,0.4167275294575908,0.4573001616943183,0.040572632236727524,0.5580976984449515,0.16221151037101958,0.1693630976003463,0.007151587229326711,0.5037107062183827
C2,1,w64_lr3e-4_neg3p0,64,0.0003,3.0,82152,0.02350677502083138,0.019143654247878117,0.10849459306421581,0.4167275294575908,0.4807204063668005,0.06399287690920974,0.5849134794901286,0.16221151037101958,0.175240994028926,0.013029483657906432,0.519121610622221
C2,1,w64_lr1e-3_neg1p0,64,0.001,1.0,82152,0.02168434913435986,0.018503432988334154,0.09759333015079368,0.4167275294575908,0.47161348718229945,0.05488595772470867,0.5662164627513206,0.16221151037101958,0.16679422445562508,0.004582714084605505,0.4956827592243121
C2,1,w64_lr1e-3_neg1p5,64,0.001,1.5,82152,0.02197062349431489,0.01862526642217326,0.12353022879346505,0.4167275294575908,0.492047861703268,0.07532033224567719,0.5857418854341138,0.16221151037101958,0.16789339244172236,0.005681882070702776,0.5033741282402383
C2,1,w64_lr1e-3_neg2p0,64,0.001,2.0,82152,0.02242609027075868,0.01875213984699729,0.1422874051604142,0.4167275294575908,0.5082128592749203,0.09148532981732954,0.6092376880000002,0.16221151037101958,0.16954607875424155,0.007334568383221968,0.5094700115967801
C2,1,w64_lr1e-3_neg3p0,64,0.001,3.0,82152,0.0228901177488979,0.018873191839518928,0.1597074859498129,0.4167275294575908,0.5278665827497758,0.11113905329218504,0.6334913528714772,0.16221151037101958,0.17112680918554524,0.008915298814525657,0.5088311015483588
C2,1,w128_lr1e-4_neg1p0,128,0.0001,1.0,82152,0.024256949787557484,0.019521365930621672,0.06463615706182432,0.4167275294575908,0.44295759306482735,0.026230063607236564,0.5448325948971345,0.16221151037101958,0.16412053694807716,0.0019090265770575765,0.4966064125566333
C2,1,w128_lr1e-4_neg1p5,128,0.0001,1.5,82152,0.024251844378759716,0.019527271991592782,0.0722346413662777,0.4167275294575908,0.4494461932980546,0.03271866384046379,0.550577592974615,0.16221151037101958,0.1690542987140402,0.006842788343020628,0.5032888348377154
C2,1,w128_lr1e-4_neg2p0,128,0.0001,2.0,82152,0.024423338693400295,0.019585815904874616,0.0848294178203429,0.4167275294575908,0.4563336651992324,0.039606135741641624,0.5583464252343091,0.16221151037101958,0.17279895231425607,0.010587441943236492,0.5154380169968733
C2,1,w128_lr1e-4_neg3p0,128,0.0001,3.0,82152,0.025225009324674953,0.02003440943405245,0.08717582475013969,0.4167275294575908,0.4594952440454094,0.04276771458781864,0.5686710433480775,0.16221151037101958,0.17191160701074132,0.00970009663972174,0.5135351440720693
C2,1,w128_lr3e-4_neg1p0,128,0.0003,1.0,82152,0.02292428876330712,0.018973313956335332,0.08359273943840698,0.4167275294575908,0.461762332663197,0.04503480320560621,0.5576328065868754,0.16221151037101958,0.16689571067533668,0.004684200304317099,0.4963820236035233
C2,1,w128_lr3e-4_neg1p5,128,0.0003,1.5,82152,0.023014417128132177,0.018949681929005088,0.07757114428552365,0.4167275294575908,0.45545164957911066,0.03872412012151988,0.5530404036879176,0.16221151037101958,0.16889495382595493,0.0066834434549353505,0.503162662662093
C2,1,w128_lr3e-4_neg2p0,128,0.0003,2.0,82152,0.023587869197512698,0.01921436408753718,0.10372587760246404,0.4167275294575908,0.46864477580670677,0.051917246349115986,0.5768088293977763,0.16221151037101958,0.17140786561049734,0.00919635523947776,0.5116390779160078
C2,1,w128_lr3e-4_neg3p0,128,0.0003,3.0,82152,0.023613421589626007,0.0192214436507767,0.1108248824246362,0.4167275294575908,0.4827166581889646,0.0659891287313738,0.5865031498788378,0.16221151037101958,0.17068331999152586,0.008471809620506282,0.5151809728896355
C2,1,w128_lr1e-3_neg1p0,128,0.001,1.0,82152,0.022148792621067212,0.018666139095719684,0.10250607280471598,0.4167275294575908,0.476687674645978,0.059960145188387215,0.5712452044719909,0.16221151037101958,0.16472974883815986,0.002518238467140277,0.4942964724007672
C2,1,w128_lr1e-3_neg1p5,128,0.001,1.5,82152,0.022183634823861778,0.018625126828420394,0.13096517581265904,0.4167275294575908,0.496916905737586,0.08018937627999523,0.5932016762384011,0.16221151037101958,0.17212772774055796,0.009916217369538377,0.5054701370951478
C2,1,w128_lr1e-3_neg2p0,128,0.001,2.0,82152,0.0226051045896184,0.0188050646922813,0.09505933235331362,0.4167275294575908,0.4740359923900419,0.05730846293245112,0.5688971106472358,0.16221151037101958,0.17527819467732147,0.013066684306301896,0.5148672607699033
C2,1,w128_lr1e-3_neg3p0,128,0.001,3.0,82152,0.02337824313629938,0.0191302603847016,0.16274561398795,0.4167275294575908,0.5270192355376044,0.11029170608001365,0.6272625277548123,0.16221151037101958,0.17489972866706294,0.012688218296043358,0.5136519156454017
C2,2,w32_lr1e-4_neg1p0,32,0.0001,1.0,81984,0.02714307599094226,0.021362036394039483,0.008101381766073168,0.42264344262295084,0.42280290984434893,0.00015946722139809077,0.5093635718562832,0.15893345042935206,0.15743875580585082,-0.0014946946235012415,0.48882044189714297
C2,2,w32_lr1e-4_neg1p5,32,0.0001,1.5,81984,0.026180446462286393,0.02063215694788095,0.03942564914672929,0.42264344262295084,0.43457331056507137,0.011929867942120531,0.5274177285839093,0.15893345042935206,0.16741555965113808,0.008482109221786022,0.5077389458767166
C2,2,w32_lr1e-4_neg2p0,32,0.0001,2.0,81984,0.028920540247418164,0.022531694945642042,0.0408917159774957,0.42264344262295084,0.433488277953624,0.010844835330673153,0.5249773111542664,0.15893345042935206,0.1748007504317105,0.015867300002358448,0.5229899832450837
C2,2,w32_lr1e-4_neg3p0,32,0.0001,3.0,81984,0.027278768976465317,0.021265395479987893,0.04540537852255769,0.42264344262295084,0.4492384139068582,0.026594971283907365,0.5399011717474134,0.15893345042935206,0.16643788973096715,0.007504439301615096,0.507458370202467
C2,2,w32_lr3e-4_neg1p0,32,0.0003,1.0,81984,0.02226019393412362,0.018494225881199776,0.0774510757425805,0.42264344262295084,0.46336664160489394,0.0407231989819431,0.5536884603356906,0.15893345042935206,0.16228626094194964,0.003352810512597587,0.49587685070881893
C2,2,w32_lr3e-4_neg1p5,32,0.0003,1.5,81984,0.023499292747200865,0.019121107830630642,0.06829048327341213,0.42264344262295084,0.45459358696549423,0.031950144342543396,0.5481932472019936,0.15893345042935206,0.1701811190760835,0.011247668646731435,0.5164591703621872
C2,2,w32_lr3e-4_neg2p0,32,0.0003,2.0,81984,0.02291253731459911,0.01871850553025927,0.08592561548893395,0.42264344262295084,0.4642430585373873,0.04159961591443645,0.5617593630624433,0.15893345042935206,0.16616779630652373,0.007234345877171672,0.511353496456011
C2,2,w32_lr3e-4_neg3p0,32,0.0003,3.0,81984,0.023120446075594943,0.018833060618915223,0.08848837858868559,0.42264344262295084,0.46766141862791855,0.04501797600496771,0.5734569386895411,0.15893345042935206,0.16727529844271039,0.008341848013358327,0.5129326499290539
C2,2,w32_lr1e-3_neg1p0,32,0.001,1.0,81984,0.020666162303714312,0.01805940981255826,0.16714717417138694,0.42264344262295084,0.5326731990017369,0.11002975637878609,0.6229243716523473,0.15893345042935206,0.1561905925705961,-0.0027428578587559704,0.48495999624339414
C2,2,w32_lr1e-3_neg1p5,32,0.001,1.5,81984,0.020966314434873713,0.01810386452972263,0.16980953057754955,0.42264344262295084,0.5340322749452271,0.11138883232227625,0.631210896304064,0.15893345042935206,0.16607993038128455,0.007146479951932488,0.5028335333881034
C2,2,w32_lr1e-3_neg2p0,32,0.001,2.0,81984,0.021579633834014948,0.01825636974544523,0.14527215580675232,0.42264344262295084,0.5158104820178168,0.09316703939486592,0.6120815983263695,0.15893345042935206,0.16749107233976523,0.008557621910413177,0.5086698616811756
C2,2,w32_lr1e-3_neg3p0,32,0.001,3.0,81984,0.02185778232860013,0.018349193642623197,0.12982949945407427,0.42264344262295084,0.5091111792266291,0.08646773660367824,0.6062070496415788,0.15893345042935206,0.1715731060164336,0.01263965558708155,0.5190408741467807
C2,2,w64_lr1e-4_neg1p0,64,0.0001,1.0,81984,0.025776988978653544,0.02029267104695875,0.036657161736609885,0.42264344262295084,0.4433602029392772,0.020716760316326355,0.528718736416797,0.15893345042935206,0.16020063865709344,0.0012671882277413837,0.49104623532375496
C2,2,w64_lr1e-4_neg1p5,64,0.0001,1.5,81984,0.026532017804987436,0.020755329908739774,0.06003069483133559,0.42264344262295084,0.44622737746994956,0.023583934846998722,0.5389013077737884,0.15893345042935206,0.16541386293407517,0.006480412504723115,0.5108819173185651
C2,2,w64_lr1e-4_neg2p0,64,0.0001,2.0,81984,0.025547617894313118,0.020119309257415202,0.05082683309896577,0.42264344262295084,0.44774672285765493,0.025103280234704095,0.5367745628361676,0.15893345042935206,0.1673421573822327,0.008408706952880651,0.5065804989817029
C2,2,w64_lr1e-4_neg3p0,64,0.0001,3.0,81984,0.025129615709441132,0.019857239622415635,0.08599336349986068,0.42264344262295084,0.4706285344103742,0.047985091787423384,0.5682415530273307,0.15893345042935206,0.17091456644912795,0.01198111601977589,0.5154902666711573
C2,2,w64_lr3e-4_neg1p0,64,0.0003,1.0,81984,0.02306695966882914,0.01881757532987283,0.07746094412876212,0.42264344262295084,0.46337642103622734,0.0407329784132765,0.5540532853905905,0.15893345042935206,0.1640371676053759,0.005103717176023842,0.498424146579217
C2,2,w64_lr3e-4_neg1p5,64,0.0003,1.5,81984,0.022715883684720856,0.018654914470196054,0.09420032274577256,0.42264344262295084,0.47078161359847404,0.0481381709755232,0.5652213303379484,0.15893345042935206,0.1682344217265867,0.009300971297234645,0.5101606794888852
C2,2,w64_lr3e-4_neg2p0,64,0.0003,2.0,81984,0.02326197181700793,0.01886572843933113,0.09129205926457755,0.42264344262295084,0.47354140325730215,0.050897960634351314,0.5715139360576045,0.15893345042935206,0.1668491288842126,0.007915678454860547,0.5045646640064869
C2,2,w64_lr3e-4_neg3p0,64,0.0003,3.0,81984,0.02324515972762548,0.018883271812939174,0.1088434465251123,0.42264344262295084,0.4848382466617218,0.06219480403877098,0.5877414670886594,0.15893345042935206,0.16921313348004108,0.01027968305068902,0.513305614267053
C2,2,w64_lr1e-3_neg1p0,64,0.001,1.0,81984,0.021159221991331877,0.018125371540000695,0.14184122450473477,0.42264344262295084,0.5052148420440452,0.08257139942109437,0.5966282665002401,0.15893345042935206,0.16387807348995267,0.004944623060600617,0.49430499853183846
C2,2,w64_lr1e-3_neg1p5,64,0.001,1.5,81984,0.02120541982445822,0.018163761773626275,0.15302837562374721,0.42264344262295084,0.5219705653706279,0.09932712274767708,0.6118860242868356,0.15893345042935206,0.16915934051400253,0.010225890084650469,0.5053889280208184
C2,2,w64_lr1e-3_neg2p0,64,0.001,2.0,81984,0.021702216386676645,0.01829063749176873,0.14959694032628448,0.42264344262295084,0.5197895686234985,0.09714612600054762,0.6123150414746308,0.15893345042935206,0.17274318498663782,0.013809734557285763,0.5168740871014792
C2,2,w64_lr1e-3_neg3p0,64,0.001,3.0,81984,0.022371287055429213,0.01850732572849587,0.1103389117180579,0.42264344262295084,0.49753825656843575,0.07489481394548492,0.5901737561650098,0.15893345042935206,0.17184521103918649,0.012911760609834427,0.518977837583604
C2,2,w128_lr1e-4_neg1p0,128,0.0001,1.0,81984,0.024530857314006255,0.01954061071770657,0.048721364604114414,0.42264344262295084,0.44086358881280097,0.018220146189850128,0.5330937568039862,0.15893345042935206,0.16412436127552413,0.00519091084617207,0.49947343798509514
C2,2,w128_lr1e-4_neg1p5,128,0.0001,1.5,81984,0.025058516898037123,0.019800177016279407,0.06496005206858582,0.42264344262295084,0.45406602904720206,0.03142258642425122,0.5447869412972721,0.15893345042935206,0.16729236727099264,0.008358916841640585,0.5058794037138354
C2,2,w128_lr1e-4_neg2p0,128,0.0001,2.0,81984,0.025040412655793667,0.019837388710437998,0.05182362785105425,0.42264344262295084,0.44354016416353276,0.02089672154058192,0.5371599668341968,0.15893345042935206,0.1699785150103746,0.011045064581022529,0.5105099240752023
C2,2,w128_lr1e-4_neg3p0,128,0.0001,3.0,81984,0.025151852829050244,0.019875743863429853,0.09325387070665289,0.42264344262295084,0.47435822241442405,0.05171477979147321,0.5739092779072498,0.15893345042935206,0.16800112090452554,0.009067670475173484,0.5129469458890041
C2,2,w128_lr3e-4_neg1p0,128,0.0003,1.0,81984,0.02216215389006475,0.01841079707839549,0.10549460820730543,0.42264344262295084,0.4776070581533219,0.054963615530371046,0.5709432730994399,0.15893345042935206,0.1658564937835852,0.006923043354233133,0.5064627238451047
C2,2,w128_lr3e-4_neg1p5,128,0.0003,1.5,81984,0.02299675871343509,0.018796768622031362,0.10653470599237211,0.42264344262295084,0.47332849848768477,0.05068505586473393,0.5705126971871807,0.15893345042935206,0.17294024040685524,0.014006789977503181,0.5172276050606974
C2,2,w128_lr3e-4_neg2p0,128,0.0003,2.0,81984,0.023040819820620752,0.01876599792609664,0.08476272510964958,0.42264344262295084,0.465622847881369,0.042979405258418146,0.5596442078036703,0.15893345042935206,0.1742992294579917,0.015365779028639642,0.5184792625717689
C2,2,w128_lr3e-4_neg3p0,128,0.0003,3.0,81984,0.023089726121737972,0.018814531382393394,0.12365905875057111,0.42264344262295084,0.49968237866392196,0.07703893604097112,0.5958861749462586,0.15893345042935206,0.17448069614696035,0.015547245717608293,0.5189636946614904
C2,2,w128_lr1e-3_neg1p0,128,0.001,1.0,81984,0.021816974092708226,0.018283894875608206,0.1564898229214748,0.42264344262295084,0.5135458779153347,0.09090243529238384,0.6089975462817394,0.15893345042935206,0.16530273766898818,0.006369287239636118,0.504469401013914
C2,2,w128_lr1e-3_neg1p5,128,0.001,1.5,81984,0.022223247416770116,0.018472825173705815,0.16568922328281654,0.42264344262295084,0.5219954039845909,0.09935196136164004,0.6196679328521133,0.15893345042935206,0.16664102730571229,0.007707576876360228,0.5051635923275933
C2,2,w128_lr1e-3_neg2p0,128,0.001,2.0,81984,0.022149927059292963,0.018416185728134075,0.13116026956119425,0.42264344262295084,0.4982989216794539,0.07565547905650305,0.5936662775495327,0.15893345042935206,0.17326067974013837,0.01432722931078631,0.5208261489952782
C2,2,w128_lr1e-3_neg3p0,128,0.001,3.0,81984,0.022780689191965544,0.01872934580934555,0.14415611753105037,0.42264344262295084,0.5104535751263861,0.08781013250343528,0.6127683330598782,0.15893345042935206,0.17110360957771392,0.012170159148361864,0.5134838048460616
C2,3,w32_lr1e-4_neg1p0,32,0.0001,1.0,82056,0.028140537978296666,0.02190274090222828,0.033231301517427175,0.42266257190211565,0.4362319096441929,0.013569337742077248,0.5211988914097323,0.16051233304085016,0.16542010134991125,0.004907768309061089,0.4948523331442728
C2,3,w32_lr1e-4_neg1p5,32,0.0001,1.5,82056,0.02853237300139218,0.022224900406846795,0.048877421509232924,0.42266257190211565,0.4453906018755635,0.02272802997344786,0.5335545839036462,0.16051233304085016,0.16860871080474182,0.00809637776389166,0.5075276776381243
C2,3,w32_lr1e-4_neg2p0,32,0.0001,2.0,82056,0.027290234354728462,0.02127665844508309,0.03973895817782316,0.42266257190211565,0.4433498531989519,0.02068728129683628,0.5264653442280894,0.16051233304085016,0.1750788514071026,0.014566518366252446,0.51754438149756
C2,3,w32_lr1e-4_neg3p0,32,0.0001,3.0,82056,0.027799529961759606,0.021672811943164595,0.047660229371798445,0.42266257190211565,0.4432647530780683,0.02060218117595264,0.5406097328029325,0.16051233304085016,0.16360980696772875,0.003097473926878591,0.5034894364179671
C2,3,w32_lr3e-4_neg1p0,32,0.0003,1.0,82056,0.023402170260298002,0.019140622962623074,0.06423617314933289,0.42266257190211565,0.4608987360715833,0.03823616416946768,0.5451171923324544,0.16051233304085016,0.16385381005970975,0.00334147701885959,0.4994228711112928
C2,3,w32_lr3e-4_neg1p5,32,0.0003,1.5,82056,0.024494789188845317,0.01967086897135028,0.07916955088701601,0.42266257190211565,0.4593971744374688,0.036734602535353156,0.5535875247522395,0.16051233304085016,0.1669524968038319,0.006440163762981732,0.5070700438137731
C2,3,w32_lr3e-4_neg2p0,32,0.0003,2.0,82056,0.023785591239604408,0.019198468447010758,0.07452510000075976,0.42266257190211565,0.4721015609688257,0.04943898906671007,0.558953094135019,0.16051233304085016,0.1663205410794576,0.005808208038607432,0.5008774355174996
C2,3,w32_lr3e-4_neg3p0,32,0.0003,3.0,82056,0.02389453039355495,0.01934855306501024,0.08760566083429622,0.42266257190211565,0.4681154838645997,0.04545291196248408,0.5707701423822708,0.16051233304085016,0.16841512818788212,0.00790279514703196,0.5114272655220042
C2,3,w32_lr1e-3_neg1p0,32,0.001,1.0,82056,0.02102790980123157,0.01824438694887934,0.11757463846551544,0.42266257190211565,0.4934561948015831,0.07079362289946745,0.5772889787096054,0.16051233304085016,0.16806424307656836,0.007551910035718201,0.5062121346997576
C2,3,w32_lr1e-3_neg1p5,32,0.001,1.5,82056,0.020985791381212322,0.018203013206524662,0.18468582586407217,0.42266257190211565,0.5508859913008952,0.12822341939877957,0.6437564070690125,0.16051233304085016,0.16669734488866816,0.0061850118478180005,0.498406729352381
C2,3,w32_lr1e-3_neg2p0,32,0.001,2.0,82056,0.02184438990277607,0.018446314173222657,0.10412673351086126,0.42266257190211565,0.48993301206153744,0.0672704401594218,0.5809954367659106,0.16051233304085016,0.16715464546988879,0.0066423124290386215,0.5085527675290459
C2,3,w32_lr1e-3_neg3p0,32,0.001,3.0,82056,0.02235366889698188,0.01865454278577001,0.1408017275295474,0.42266257190211565,0.5165278308135794,0.0938652589114638,0.613321893333401,0.16051233304085016,0.17401556518400074,0.013503232143150579,0.5238577330887125
C2,3,w64_lr1e-4_neg1p0,64,0.0001,1.0,82056,0.027395290904065613,0.02149759115317717,0.047273819772440856,0.42266257190211565,0.442795026410901,0.02013245450878537,0.5332535699327504,0.16051233304085016,0.16764627919329989,0.007133946152449722,0.5023075974303028
C2,3,w64_lr1e-4_neg1p5,64,0.0001,1.5,82056,0.025553456661027554,0.020231940139650736,0.06007923836299447,0.42266257190211565,0.45184251859902075,0.0291799466969051,0.5458946716447786,0.16051233304085016,0.16783730123285528,0.007324968192005121,0.5030559339482038
C2,3,w64_lr1e-4_neg2p0,64,0.0001,2.0,82056,0.025508384313029556,0.020195783990608,0.061277475759764714,0.42266257190211565,0.44854996452963486,0.025887392627519212,0.5460473470390167,0.16051233304085016,0.1672145448074959,0.006702211766645733,0.5096182879648198
C2,3,w64_lr1e-4_neg3p0,64,0.0001,3.0,82056,0.026957394658659,0.021045025074834058,0.06335586598348261,0.42266257190211565,0.4538008294488051,0.031138257546689474,0.547436974041348,0.16051233304085016,0.16956659031864277,0.009054257277792604,0.513701327158922
C2,3,w64_lr3e-4_neg1p0,64,0.0003,1.0,82056,0.02231794437284179,0.018583718668767173,0.09000825143899108,0.42266257190211565,0.4726797069631225,0.05001713506100686,0.5627071960170482,0.16051233304085016,0.16170204831576152,0.0011897152749113515,0.4927872842640891
C2,3,w64_lr3e-4_neg1p5,64,0.0003,1.5,82056,0.0222671405240602,0.018564205976287874,0.09921976332155165,0.42266257190211565,0.48368216307267603,0.06101959117056038,0.5730969395045165,0.16051233304085016,0.1642628169667143,0.0037504839258641343,0.49675818496304136
C2,3,w64_lr3e-4_neg2p0,64,0.0003,2.0,82056,0.022806674262832567,0.018747797157181847,0.10342729391146784,0.42266257190211565,0.47930772822041634,0.05664515631830069,0.5775557810904928,0.16051233304085016,0.1662375275956079,0.005725194554757729,0.5058962607350649
C2,3,w64_lr3e-4_neg3p0,64,0.0003,3.0,82056,0.023213804984641175,0.018903119856876798,0.12470425807070712,0.42266257190211565,0.49803414244193567,0.07537157053982002,0.5973446976647102,0.16051233304085016,0.1770117435257461,0.01649941048489595,0.5243813561489519
C2,3,w64_lr1e-3_neg1p0,64,0.001,1.0,82056,0.02171017244715693,0.018412969940069173,0.11889160447134507,0.42266257190211565,0.490987360375493,0.06832478847337736,0.5770696944716366,0.16051233304085016,0.1671469900388931,0.006634656998042943,0.5014690560043672
C2,3,w64_lr1e-3_neg1p5,64,0.001,1.5,82056,0.021857051815969798,0.018463161945394897,0.14631593949327176,0.42266257190211565,0.5158084812245715,0.09314590932245581,0.6090931763556027,0.16051233304085016,0.16575116577319723,0.005238832732347071,0.501334840637362
C2,3,w64_lr1e-3_neg2p0,64,0.001,2.0,82056,0.02186516595035796,0.018403880327736964,0.1475084687762671,0.42266257190211565,0.5167746817965427,0.09411210989442709,0.6124783772927803,0.16051233304085016,0.1742472192112379,0.013734886170387733,0.5175104108900987
C2,3,w64_lr1e-3_neg3p0,64,0.001,3.0,82056,0.022453535228013816,0.018641393540153005,0.17644418052949182,0.42266257190211565,0.5519607471775104,0.12929817527539478,0.643508680477418,0.16051233304085016,0.16883044017852258,0.00831810713767242,0.5063990832598251
C2,3,w128_lr1e-4_neg1p0,128,0.0001,1.0,82056,0.02413000324209884,0.019375924417601317,0.06495535569347273,0.42266257190211565,0.45370821669487515,0.031045644792759508,0.5453420626081403,0.16051233304085016,0.16298277311760895,0.002470440076758784,0.49475775584728904
C2,3,w128_lr1e-4_neg1p5,128,0.0001,1.5,82056,0.024528920553236227,0.019598022546826785,0.06122200312912238,0.42266257190211565,0.4464032726126903,0.023740700710574658,0.5446075759447877,0.16051233304085016,0.1637814148626342,0.0032690818217840367,0.4960295771005459
C2,3,w128_lr1e-4_neg2p0,128,0.0001,2.0,82056,0.024732402934816,0.01969816542308247,0.07248111810343993,0.42266257190211565,0.46151917306407075,0.03885660116195511,0.5556140501320702,0.16051233304085016,0.16960153381322451,0.00908920077237435,0.5071216224624886
C2,3,w128_lr1e-4_neg3p0,128,0.0001,3.0,82056,0.024559841952484746,0.01959930884443545,0.09725722390316659,0.42266257190211565,0.4742147069488033,0.05155213504668765,0.5763650810591284,0.16051233304085016,0.1740941769937635,0.013581843952913342,0.5152966864571733
C2,3,w128_lr3e-4_neg1p0,128,0.0003,1.0,82056,0.023258364263314985,0.018995501597356006,0.08073671271041538,0.42266257190211565,0.46401010673615795,0.0413475348340423,0.5530357017656897,0.16051233304085016,0.16541269124082272,0.00490035819997256,0.49931274466454884
C2,3,w128_lr3e-4_neg1p5,128,0.0003,1.5,82056,0.022873500386635083,0.018794770509192458,0.0955868034105635,0.42266257190211565,0.4763612920324403,0.05369872013032467,0.5659463973558801,0.16051233304085016,0.16915140997281564,0.008639076931965473,0.5051569765061578
C2,3,w128_lr3e-4_neg2p0,128,0.0003,2.0,82056,0.023088717122590394,0.01891485993892344,0.0982481818848319,0.42266257190211565,0.4725351221679154,0.04987255026579973,0.5713303812477194,0.16051233304085016,0.1730331011394944,0.012520768098644247,0.5098241627857489
C2,3,w128_lr3e-4_neg3p0,128,0.0003,3.0,82056,0.023765259625509207,0.01921648266329885,0.1197667066085998,0.42266257190211565,0.4923093990719345,0.06964682716981885,0.5953857165982084,0.16051233304085016,0.17288340832274224,0.012371075281892074,0.515692339711784
C2,3,w128_lr1e-3_neg1p0,128,0.001,1.0,82056,0.02195791293365986,0.018452795698892296,0.10814555494814965,0.42266257190211565,0.4940790906608171,0.07141651875870147,0.5746841587446796,0.16051233304085016,0.1661859778940582,0.0056736448532080375,0.5020102832481947
C2,3,w128_lr1e-3_neg1p5,128,0.001,1.5,82056,0.022097358817869277,0.01848024119837504,0.12161388572826018,0.42266257190211565,0.4983973543697984,0.07573478246768273,0.5868113726795555,0.16051233304085016,0.169839704600568,0.009327371559717829,0.5085434628384717
C2,3,w128_lr1e-3_neg2p0,128,0.001,2.0,82056,0.022315089296127476,0.01854944053058448,0.13923289897378766,0.42266257190211565,0.5094786058393305,0.08681603393721482,0.6030914827770602,0.16051233304085016,0.17005485603919573,0.00954252299834557,0.5124526232451704
C2,3,w128_lr1e-3_neg3p0,128,0.001,3.0,82056,0.023511669965013162,0.019129110956421332,0.1197921440212695,0.42266257190211565,0.5034244642687666,0.08076189236665099,0.6076643859215908,0.16051233304085016,0.1659098695758421,0.005397536534991948,0.4982514031833251
C2,4,w32_lr1e-4_neg1p0,32,0.0001,1.0,82008,0.027852785419419126,0.021735164233933003,0.0594671804390124,0.42403180177543653,0.44809318091635375,0.024061379140917216,0.5380687851155216,0.16192322700224368,0.16976803651639102,0.007844809514147344,0.5037974238978353
C2,4,w32_lr1e-4_neg1p5,32,0.0001,1.5,82008,0.02787371448915138,0.02172895705974662,0.033432032755566415,0.42403180177543653,0.43588865296153595,0.011856851186099415,0.5200294957285495,0.16192322700224368,0.16902270634624253,0.007099479343998849,0.5059358360898657
C2,4,w32_lr1e-4_neg2p0,32,0.0001,2.0,82008,0.028048274527243847,0.02187711859580109,0.0464045738399596,0.42403180177543653,0.4554671680578427,0.031435366282406174,0.5409652516098975,0.16192322700224368,0.16704825042636712,0.005125023424123437,0.49676290992152783
C2,4,w32_lr1e-4_neg3p0,32,0.0001,3.0,82008,0.02619918341627386,0.020575883955299325,0.06351751829807732,0.42403180177543653,0.4541895450189992,0.030157743243562685,0.5553837895395052,0.16192322700224368,0.16531278076708217,0.0033895537648384877,0.5014947750243718
C2,4,w32_lr3e-4_neg1p0,32,0.0003,1.0,82008,0.023253994407948023,0.018945700163065293,0.07021031903280131,0.42403180177543653,0.453470903196026,0.029439101420589475,0.5464028384016406,0.16192322700224368,0.16919651525206927,0.0072732882498255935,0.5024219100522797
C2,4,w32_lr3e-4_neg1p5,32,0.0003,1.5,82008,0.022976872928159687,0.018792020098689723,0.07391192687908127,0.42403180177543653,0.4655541194645006,0.04152231768906406,0.5579076810760991,0.16192322700224368,0.16558968018705722,0.0036664531848135395,0.49850175541807135
C2,4,w32_lr3e-4_neg2p0,32,0.0003,2.0,82008,0.024210143094990196,0.01940621183440639,0.06740572725981006,0.42403180177543653,0.4562025233157481,0.032170721540311586,0.5562325281516618,0.16192322700224368,0.16569679387342823,0.003773566871184547,0.49989906233642906
C2,4,w32_lr3e-4_neg3p0,32,0.0003,3.0,82008,0.025061399467171598,0.01991201964071064,0.0805229640048764,0.42403180177543653,0.4683266529704966,0.04429485119506005,0.5666898361743905,0.16192322700224368,0.17156305081772463,0.009639823815480952,0.5131997134054515
C2,4,w32_lr1e-3_neg1p0,32,0.001,1.0,82008,0.020867194935695096,0.018162972752677115,0.14490254137873265,0.42403180177543653,0.5257284035664387,0.10169660179100215,0.6094648120729989,0.16192322700224368,0.16547941094786725,0.00355618394562357,0.4873513666168656
C2,4,w32_lr1e-3_neg1p5,32,0.001,1.5,82008,0.020899231627305972,0.01818244290819867,0.1570215421349809,0.42403180177543653,0.5332038528671678,0.10917205109173123,0.6172664526029239,0.16192322700224368,0.1727944527659813,0.010871225763737613,0.5158175140309252
C2,4,w32_lr1e-3_neg2p0,32,0.001,2.0,82008,0.02147978404758409,0.018287506685033133,0.1317315012472584,0.42403180177543653,0.5105236401575765,0.08649183838213992,0.6045220953083759,0.16192322700224368,0.16815712121622867,0.006233894213984986,0.5085603040950122
C2,4,w32_lr1e-3_neg3p0,32,0.001,3.0,82008,0.022278686595770803,0.01850842446269052,0.14771891065268658,0.42403180177543653,0.5341249539093923,0.11009315213395576,0.6247611227463431,0.16192322700224368,0.17096928031611344,0.009046053313869762,0.511537809032048
C2,4,w64_lr1e-4_neg1p0,64,0.0001,1.0,82008,0.02677848086412729,0.020933233437961125,0.03525910848686605,0.42403180177543653,0.4392945428418138,0.015262741066377261,0.5255798023352863,0.16192322700224368,0.16521656864302983,0.0032933416407861515,0.4950304792440959
C2,4,w64_lr1e-4_neg1p5,64,0.0001,1.5,82008,0.025341117758212833,0.020006576422515757,0.059665008781035304,0.42403180177543653,0.44863656027319365,0.024604758497757118,0.5425296530421703,0.16192322700224368,0.17162967945182048,0.009706452449576797,0.5074155018567195
C2,4,w64_lr1e-4_neg2p0,64,0.0001,2.0,82008,0.024880894974063227,0.019723045796590864,0.07550178023301231,0.42403180177543653,0.4572500566281998,0.03321825485276325,0.5545192553345123,0.16192322700224368,0.1727962958119448,0.010873068809701125,0.5122361488449768
C2,4,w64_lr1e-4_neg3p0,64,0.0001,3.0,82008,0.02602567282105608,0.020408400159039476,0.08245619581019112,0.42403180177543653,0.4644926762090505,0.04046087443361396,0.5617354358034413,0.16192322700224368,0.17384147868762048,0.011918251685376802,0.5197054822595649
C2,4,w64_lr3e-4_neg1p0,64,0.0003,1.0,82008,0.022183920425436206,0.01850807831727822,0.08318389695062191,0.42403180177543653,0.4678954596357406,0.04386365786030405,0.5559020663527336,0.16192322700224368,0.1691830295512273,0.007259802548983618,0.503094809730247
C2,4,w64_lr3e-4_neg1p5,64,0.0003,1.5,82008,0.023140524114834696,0.018883113684993964,0.07466947031356146,0.42403180177543653,0.45923115783145896,0.035199356056022424,0.5539172389570873,0.16192322700224368,0.1693207351153665,0.007397508113122814,0.5072957498009776
C2,4,w64_lr3e-4_neg2p0,64,0.0003,2.0,82008,0.023550818732026097,0.019055496959658746,0.06935036827869084,0.42403180177543653,0.45833521740504024,0.034303415629603706,0.55286875484682,0.16192322700224368,0.16963014706218438,0.007706920059940697,0.50461117402584
C2,4,w64_lr3e-4_neg3p0,64,0.0003,3.0,82008,0.023261458062111433,0.018912558573393363,0.10284932082392736,0.42403180177543653,0.4860780540742725,0.06204625229883598,0.5857894765334993,0.16192322700224368,0.17060579698758602,0.008682569985342337,0.5113182741883596
C2,4,w64_lr1e-3_neg1p0,64,0.001,1.0,82008,0.02158119117669764,0.01830880349323331,0.14435450254667273,0.42403180177543653,0.5131494589715123,0.08911765719607578,0.6022249581537489,0.16192322700224368,0.1707124628142493,0.008789235812005608,0.5029237095375122
C2,4,w64_lr1e-3_neg1p5,64,0.001,1.5,82008,0.021415382537348322,0.01825899424002217,0.14738166692681837,0.42403180177543653,0.5139414676197878,0.08990966584435123,0.6084383463293497,0.16192322700224368,0.17099242331173045,0.009069196309486771,0.5102667774635787
C2,4,w64_lr1e-3_neg2p0,64,0.001,2.0,82008,0.021762536690206617,0.01836540733632426,0.1159061912929953,0.42403180177543653,0.4989739210766037,0.07494211930116718,0.5959328976428123,0.16192322700224368,0.1747557083711857,0.012832481368942023,0.511606840243297
C2,4,w64_lr1e-3_neg3p0,64,0.001,3.0,82008,0.02236677069450379,0.01857356524778418,0.14046434279633427,0.42403180177543653,0.5161282920191579,0.09209649024372135,0.6097748076980255,0.16192322700224368,0.17561425179215034,0.013691024789906664,0.5274261917755716
C2,4,w128_lr1e-4_neg1p0,128,0.0001,1.0,82008,0.024326582573409868,0.019441999714605016,0.0662796370765362,0.42403180177543653,0.4537034729774109,0.029671671201974392,0.5477193480513454,0.16192322700224368,0.16749192429817022,0.005568697295926545,0.4975263029799042
C2,4,w128_lr1e-4_neg1p5,128,0.0001,1.5,82008,0.024730509538492325,0.01965946350010682,0.0669978962735411,0.42403180177543653,0.45947446344594756,0.03544266167051102,0.5528991232126962,0.16192322700224368,0.1666361437411184,0.004712916738874723,0.5000752044268736
C2,4,w128_lr1e-4_neg2p0,128,0.0001,2.0,82008,0.024348971000677587,0.01943314324755751,0.08752747590773155,0.42403180177543653,0.4669028039258968,0.04287100215046025,0.5654800552228221,0.16192322700224368,0.17256114381222737,0.010637916809983688,0.5068983131607223
C2,4,w128_lr1e-4_neg3p0,128,0.0001,3.0,82008,0.024972140907275,0.019815494228863344,0.08427118856432614,0.42403180177543653,0.4687525375414001,0.04472073576596358,0.5675760605907264,0.16192322700224368,0.16827936158137274,0.0063561345791290635,0.5078643551156817
C2,4,w128_lr3e-4_neg1p0,128,0.0003,1.0,82008,0.022617112353403725,0.018657155875857666,0.09295193579753865,0.42403180177543653,0.4694199078280991,0.04538810605266258,0.560147902163964,0.16192322700224368,0.16908088525477474,0.007157658252531063,0.5040543749586254
C2,4,w128_lr3e-4_neg1p5,128,0.0003,1.5,82008,0.023070402622167883,0.018840865617626237,0.09262217120788055,0.42403180177543653,0.47264758374391813,0.0486157819684816,0.5656226931795251,0.16192322700224368,0.1696300954083957,0.0077068684061520065,0.5035721798706163
C2,4,w128_lr3e-4_neg2p0,128,0.0003,2.0,82008,0.02303641466376644,0.018834156985271844,0.10940090161708599,0.42403180177543653,0.479288152382747,0.05525635060731049,0.5773951053854411,0.16192322700224368,0.17567638820449522,0.013753161202251535,0.5184538441646399
C2,4,w128_lr3e-4_neg3p0,128,0.0003,3.0,82008,0.023547156245878394,0.019101067111619033,0.12692190920965274,0.42403180177543653,0.49218627649366303,0.0681544747182265,0.5971164048635763,0.16192322700224368,0.17576900439016865,0.013845777387924973,0.5224146057159675
C2,4,w128_lr1e-3_neg1p0,128,0.001,1.0,82008,0.02183946497113346,0.018361575466795343,0.1420405852445775,0.42403180177543653,0.5090201772306915,0.08498837545525495,0.6029232299619214,0.16192322700224368,0.16963511733211833,0.007711890329874654,0.49743553622049297
C2,4,w128_lr1e-3_neg1p5,128,0.001,1.5,82008,0.022317030904849575,0.01853780766709732,0.10320431576218933,0.42403180177543653,0.4830223438250685,0.058990542049631944,0.5730701951116778,0.16192322700224368,0.17586619118661345,0.013942964184369772,0.5134600189745189
C2,4,w128_lr1e-3_neg2p0,128,0.001,2.0,82008,0.022221150983061735,0.018505384906794552,0.11383512386457297,0.42403180177543653,0.48930701227223067,0.06527521049679413,0.577718821127732,0.16192322700224368,0.17868556856727852,0.01676234156503484,0.52217585380763
C2,4,w128_lr1e-3_neg3p0,128,0.001,3.0,82008,0.02387230268131582,0.019209676222076817,0.11270143262669287,0.42403180177543653,0.5000930836660065,0.07606128189056993,0.5956105337906674,0.16192322700224368,0.17642249319682704,0.01449926619458336,0.5153904511054965
C2,5,w32_lr1e-4_neg1p0,32,0.0001,1.0,82296,0.02675306926395716,0.021033907977530374,0.04148646438847603,0.4194979099834743,0.43853730717464245,0.01903939719116815,0.5332861769581012,0.16212209584912998,0.1592814439255143,-0.0028406519236156835,0.4876836122158558
C2,5,w32_lr1e-4_neg1p5,32,0.0001,1.5,82296,0.027078540037761892,0.021287353521769595,0.03778256090130687,0.4194979099834743,0.4342303845324729,0.01473247454899862,0.5317048404863187,0.16212209584912998,0.16041996782017728,-0.0017021280289526985,0.48961827410292197
C2,5,w32_lr1e-4_neg2p0,32,0.0001,2.0,82296,0.030075956012314876,0.02339783983586633,0.03825910448622158,0.4194979099834743,0.44120952440128536,0.021711614417811054,0.5325492269709912,0.16212209584912998,0.16311641361112558,0.0009943177619956,0.4954156846516858
C2,5,w32_lr1e-4_neg3p0,32,0.0001,3.0,82296,0.029481328597650597,0.022985724577451024,0.055013792207127266,0.4194979099834743,0.4433753647188479,0.023877454735373616,0.5511519427894986,0.16212209584912998,0.16597055500230207,0.0038484591531720846,0.5036694458996988
C2,5,w32_lr3e-4_neg1p0,32,0.0003,1.0,82296,0.02245651547012695,0.01881737003867784,0.09626797966460439,0.4194979099834743,0.4712354752132451,0.0517375652297708,0.5627622046577934,0.16212209584912998,0.16785248404055603,0.005730388191426045,0.5032488164243261
C2,5,w32_lr3e-4_neg1p5,32,0.0003,1.5,82296,0.023972886551876026,0.019435198029904895,0.05963150131771618,0.4194979099834743,0.45382247263613473,0.03432456265266043,0.5469462972956974,0.16212209584912998,0.16600257498257126,0.003880479133441278,0.495521863097772
C2,5,w32_lr3e-4_neg2p0,32,0.0003,2.0,82296,0.02298106711063431,0.019003528843600837,0.10664994197266323,0.4194979099834743,0.4817140686065275,0.062216158623053186,0.58282172679908,0.16212209584912998,0.1685410527357695,0.006418956886639515,0.5076072137790077
C2,5,w32_lr3e-4_neg3p0,32,0.0003,3.0,82296,0.02357292242331414,0.01924289397204835,0.09779165060188992,0.4194979099834743,0.4784254686380666,0.058927558654592316,0.5805309134493537,0.16212209584912998,0.16979896434670053,0.007676868497570544,0.5096074871141166
C2,5,w32_lr1e-3_neg1p0,32,0.001,1.0,82296,0.021401873607906668,0.018538731589282743,0.12406717999658076,0.4194979099834743,0.5015270145941304,0.0820291046106561,0.5914837873285668,0.16212209584912998,0.16103745337450784,-0.001084642474622144,0.4873163733273752
C2,5,w32_lr1e-3_neg1p5,32,0.001,1.5,82296,0.02152491908818772,0.01857271910471827,0.13767971938344326,0.4194979099834743,0.5106085957312246,0.09111068574775033,0.6056100164708355,0.16212209584912998,0.16719015277295107,0.00506805692382109,0.5002624577488971
C2,5,w32_lr1e-3_neg2p0,32,0.001,2.0,82296,0.02171531423242069,0.018619423718128837,0.14826446214389966,0.4194979099834743,0.5235502056766537,0.10405229569317936,0.6183361814577054,0.16212209584912998,0.1703690254887866,0.00824692963965662,0.5099306165526735
C2,5,w32_lr1e-3_neg3p0,32,0.001,3.0,82296,0.022432830049488012,0.018819162552669678,0.12496516034030393,0.4194979099834743,0.49876480788631067,0.07926689790283636,0.6053526449062596,0.16212209584912998,0.17444058402428264,0.012318488175152659,0.5158233944930893
C2,5,w64_lr1e-4_neg1p0,64,0.0001,1.0,82296,0.02699208159224313,0.02118240462497979,0.0442217537254517,0.4194979099834743,0.43897517912781703,0.019477269144342724,0.5333364883909759,0.16212209584912998,0.16633726421965175,0.004215168370521771,0.4967439263863586
C2,5,w64_lr1e-4_neg1p5,64,0.0001,1.5,82296,0.02511297412459718,0.020036467577844233,0.05493018351331326,0.4194979099834743,0.44448820469258243,0.02499029470910813,0.5414539267652566,0.16212209584912998,0.1704671815802749,0.008345085731144924,0.5029704752516485
C2,5,w64_lr1e-4_neg2p0,64,0.0001,2.0,82296,0.026043785295794476,0.02059919270137963,0.05898784328505415,0.4194979099834743,0.44814537241430913,0.028647462430834825,0.5489905053770244,0.16212209584912998,0.1658635068312295,0.0037414109820995134,0.49988513336186746
C2,5,w64_lr1e-4_neg3p0,64,0.0001,3.0,82296,0.026197104844799497,0.020679933486562958,0.06588400145943382,0.4194979099834743,0.4478731045376686,0.028375194554194294,0.5503664185045655,0.16212209584912998,0.17042232934915796,0.008300233500027981,0.5125017751933992
C2,5,w64_lr3e-4_neg1p0,64,0.0003,1.0,82296,0.023382554557615638,0.01915246704500242,0.07657927578520235,0.4194979099834743,0.4561216544065031,0.03662374442302879,0.5503046929120577,0.16212209584912998,0.16587818177347244,0.003756085924342456,0.5025036993349977
C2,5,w64_lr3e-4_neg1p5,64,0.0003,1.5,82296,0.022846421772599334,0.018923123424442967,0.10675284441131708,0.4194979099834743,0.47809467103541053,0.05859676105193623,0.5743776712616149,0.16212209584912998,0.16959737707164177,0.007475281222511787,0.5074813610834484
C2,5,w64_lr3e-4_neg2p0,64,0.0003,2.0,82296,0.023539280122967736,0.019219316992264056,0.09319997115448031,0.4194979099834743,0.47122905493908424,0.05173114495560993,0.5678093832479411,0.16212209584912998,0.17057241227635658,0.0084503164272266,0.5097671893015457
C2,5,w64_lr3e-4_neg3p0,64,0.0003,3.0,82296,0.023753444661078364,0.01933342319069979,0.1224905252613317,0.4194979099834743,0.4922686904450523,0.07277078046157798,0.6011508802267337,0.16212209584912998,0.16849497174955025,0.006372875900420266,0.5097608163664816
C2,5,w64_lr1e-3_neg1p0,64,0.001,1.0,82296,0.021853670423139505,0.01861577208097306,0.11907677052035415,0.4194979099834743,0.4963701363275105,0.07687222634403618,0.5822921698187647,0.16212209584912998,0.16274183365010791,0.000619737800977932,0.4900547049354544
C2,5,w64_lr1e-3_neg1p5,64,0.001,1.5,82296,0.021817243800089304,0.018620524864862337,0.14393589116981495,0.4194979099834743,0.5114656454245244,0.09196773544105014,0.6061602350506585,0.16212209584912998,0.1684945917365002,0.006372495887370211,0.5014811128270293
C2,5,w64_lr1e-3_neg2p0,64,0.001,2.0,82296,0.022365881779599806,0.018754130273241652,0.13321545363488624,0.4194979099834743,0.5070450456915923,0.08754713570811795,0.6013009811249641,0.16212209584912998,0.17081900916533044,0.008696913316200455,0.5070601614896311
C2,5,w64_lr1e-3_neg3p0,64,0.001,3.0,82296,0.022743386306968733,0.018915452481969384,0.1504629283624123,0.4194979099834743,0.5178334492619856,0.0983355392785113,0.6194517265384976,0.16212209584912998,0.17443325313555352,0.01231115728642354,0.5151399230231185
C2,5,w128_lr1e-4_neg1p0,128,0.0001,1.0,82296,0.02413175457862466,0.019507755945990836,0.06874961589478486,0.4194979099834743,0.45133400978168425,0.03183609979820995,0.5452819288000923,0.16212209584912998,0.1685800039342086,0.006457908085078623,0.5016739367764927
C2,5,w128_lr1e-4_neg1p5,128,0.0001,1.5,82296,0.02443287658838455,0.019628734183549934,0.08150977100218286,0.4194979099834743,0.46026025643817575,0.04076234645470145,0.5574827999118995,0.16212209584912998,0.17028297671272286,0.008160880863592873,0.5080594399903369
C2,5,w128_lr1e-4_neg2p0,128,0.0001,2.0,82296,0.024736281285503817,0.019801522173047217,0.07682031465758701,0.4194979099834743,0.45468887579436135,0.03519096581088704,0.5535963837550918,0.16212209584912998,0.16858977941253359,0.006467683563403603,0.5067596145024514
C2,5,w128_lr1e-4_neg3p0,128,0.0001,3.0,82296,0.025601967176959905,0.020299738011428117,0.0744895701911406,0.4194979099834743,0.45678196100699875,0.037284051023524445,0.5601373945041446,0.16212209584912998,0.17233000980140287,0.010207913952272885,0.5115077033034656
C2,5,w128_lr3e-4_neg1p0,128,0.0003,1.0,82296,0.023111046190377228,0.019047996450501613,0.09875469299619755,0.4194979099834743,0.4711497512080252,0.05165184122455091,0.5638566606765258,0.16212209584912998,0.1684235402023206,0.006301444353190605,0.5015045664889565
C2,5,w128_lr3e-4_neg1p5,128,0.0003,1.5,82296,0.023265879272808685,0.019094982309320465,0.09077728119917837,0.4194979099834743,0.46593224691951446,0.046434336936040155,0.5625370064714659,0.16212209584912998,0.1702108316710711,0.008088735821941112,0.5081213318095565
C2,5,w128_lr3e-4_neg2p0,128,0.0003,2.0,82296,0.02349457939845007,0.019214177025364678,0.0941339595929619,0.4194979099834743,0.46915059618934263,0.049652686205868324,0.5702992898581601,0.16212209584912998,0.16922619374206183,0.007104097892931843,0.5048540938745705
C2,5,w128_lr3e-4_neg3p0,128,0.0003,3.0,82296,0.023735628041525413,0.019333866123099595,0.11609981867978855,0.4194979099834743,0.48516069559739283,0.06566278561391853,0.5890787065690642,0.16212209584912998,0.17509375359121881,0.012971657742088832,0.5204579454830417
C2,5,w128_lr1e-3_neg1p0,128,0.001,1.0,82296,0.02222714239565709,0.01870487836008897,0.12446155825195591,0.4194979099834743,0.4939674470057345,0.07446953702226017,0.5835933837137625,0.16212209584912998,0.17028890024898016,0.00816680439985018,0.5065718433567823
C2,5,w128_lr1e-3_neg1p5,128,0.001,1.5,82296,0.02232988991478023,0.018742037594552095,0.12841795617578186,0.4194979099834743,0.4970459976250363,0.07754808764156201,0.5907133609603371,0.16212209584912998,0.17241777758108384,0.01029568173195386,0.5087157251258562
C2,5,w128_lr1e-3_neg2p0,128,0.001,2.0,82296,0.022784086782257133,0.018904958835342607,0.12813758996325045,0.4194979099834743,0.49590152648474134,0.07640361650126704,0.597703794619453,0.16212209584912998,0.17148281058145567,0.009360714732325692,0.5071493554061514
C2,5,w128_lr1e-3_neg3p0,128,0.001,3.0,82296,0.023379101249238598,0.019190821650201174,0.13788833764475045,0.4194979099834743,0.5057557101943665,0.08625780021089219,0.6084243207737828,0.16212209584912998,0.17475995007769882,0.012637854228568834,0.5171460779805421
