dataset,pair_id,delta_alpha,available,n_rows,positive_prevalence,zero_prevalence,harmful_prevalence,spearman,positive_auprc_lift,harmful_auprc_lift,top_10pct_actual_mean_u,h1_style_pass
mkg_w,mkgw_mhyper_native,-0.3,True,25656,0.435414717804802,0.3559401309635173,0.2086451512316807,0.12525495029778166,0.07944526264910812,-0.018263466122408062,0.009466209385961353,False
mkg_w,mkgw_mhyper_native,-0.2,True,25656,0.4321016526348612,0.38388681010289993,0.18401153726223884,0.12227616782213549,0.073161759338076,-0.015432184821646572,0.007257470554977367,False
mkg_w,mkgw_mhyper_native,-0.1,True,25656,0.4092999688182102,0.43401153726223884,0.15668849391955098,0.06615683671685804,0.03197825303388652,-0.0065651648445537725,0.0027062397078327235,False
mkg_w,mkgw_mhyper_native,-0.05,True,25656,0.3816651075771749,0.48023854069223576,0.13809635173058935,0.027854646023696496,0.006943767478145957,-0.0030221656442064038,0.0004471153396244058,False
mkg_w,mkgw_mhyper_native,0.05,True,25656,0.12574056750857499,0.4849158091674462,0.3893436233239788,0.02610735738934634,-0.007000996874816562,4.862539087174822e-05,-0.0009202040250958714,False
mkg_w,mkgw_mhyper_native,0.1,True,25656,0.13770657935765512,0.44063766760212036,0.4216557530402245,0.07028218151520535,-0.01305161956942745,0.019472534412689035,-0.0009397729373899973,False
mkg_w,mkgw_mhyper_native,0.2,True,25656,0.14394293732460242,0.4020112254443405,0.45404583723105707,0.1451038565523495,-0.021411092079398175,0.06815363711744993,0.004331259062132199,False
mkg_w,mkgw_mhyper_native,0.3,True,25656,0.14433270969753664,0.3800280636108513,0.47563922669161207,0.18419585950421544,-0.022624675985001383,0.08702916131701322,0.009276948304757374,False
mkg_w,mkgw_mhyper_adamf,-0.3,True,25656,0.4446913002806361,0.3438571874025569,0.21145151231680698,0.1996586074141091,0.1472243342220011,-0.003376991969766485,0.0046995574240996695,False
mkg_w,mkgw_mhyper_adamf,-0.2,True,25656,0.43740255690676644,0.38193794823822885,0.18065949485500468,0.1792831989803652,0.13200197228648414,-0.009629271832915426,0.0014023821073421694,False
mkg_w,mkgw_mhyper_adamf,-0.1,True,25656,0.41456189585282194,0.44515902712815714,0.1402790770190209,0.1141987698943227,0.0662756130632251,-0.008067962170857507,-0.0010128649689179281,False
mkg_w,mkgw_mhyper_adamf,-0.05,True,25656,0.387784533832242,0.5000389772372934,0.11217648893046461,0.08119111204685393,0.045052414730826384,-0.006282783630677732,-0.002054524587288207,False
mkg_w,mkgw_mhyper_adamf,0.05,False,0,nan,nan,nan,nan,nan,nan,nan,False
mkg_w,mkgw_mhyper_adamf,0.1,False,0,nan,nan,nan,nan,nan,nan,nan,False
mkg_w,mkgw_mhyper_adamf,0.2,False,0,nan,nan,nan,nan,nan,nan,nan,False
mkg_w,mkgw_mhyper_adamf,0.3,False,0,nan,nan,nan,nan,nan,nan,nan,False
mkg_w,mkgw_native_adamf,-0.3,True,25656,0.3178203928905519,0.31400062363579667,0.3681789834736514,0.03218485150398764,0.011599510177329297,-0.0024406966824171983,-0.0030574304132687433,False
mkg_w,mkgw_native_adamf,-0.2,True,25656,0.3124805113813533,0.34752104770813846,0.33999844091050824,0.029683884843378402,0.00898091183910349,-0.004107997388949625,-0.0013325953888050363,False
mkg_w,mkgw_native_adamf,-0.1,True,25656,0.29825381976925475,0.40567508574992206,0.2960710944808232,0.005603827408582577,-0.0036544232147132094,-0.013143563452292506,-0.004883128196702306,False
mkg_w,mkgw_native_adamf,-0.05,True,25656,0.28219519800436543,0.4539289055191768,0.26387589647645776,0.004668757911602519,-0.0032377648205433873,-0.013384537578907507,-0.0024153646943700976,False
mkg_w,mkgw_native_adamf,0.05,True,25656,0.24154193950732772,0.46289367009666355,0.29556439039600874,0.01951294558579083,0.02254077223501938,-0.027477715637167888,-0.005321496496239071,False
mkg_w,mkgw_native_adamf,0.1,False,0,nan,nan,nan,nan,nan,nan,nan,False
mkg_w,mkgw_native_adamf,0.2,False,0,nan,nan,nan,nan,nan,nan,nan,False
mkg_w,mkgw_native_adamf,0.3,False,0,nan,nan,nan,nan,nan,nan,nan,False
db15k,db15k_mhyper_native,-0.3,True,47532,0.36179836741563576,0.3961120929058319,0.24208953967853236,0.07612166022002281,0.07937715936552203,-0.020666517314052363,0.0008319836835770434,False
db15k,db15k_mhyper_native,-0.2,True,47532,0.3490701001430615,0.4417024320457797,0.2092274678111588,0.057129215791426866,0.04912438547379361,-0.01430865409455609,-0.0001108633069685375,False
db15k,db15k_mhyper_native,-0.1,True,47532,0.32201464276697805,0.5089834216948582,0.16900193553816376,0.024594978979374255,0.004234803374771057,-0.002119787076734686,-0.001348919231796688,False
db15k,db15k_mhyper_native,-0.05,True,47532,0.2882689556509299,0.570710258352268,0.14102078599680215,0.0010151883726175733,-0.014058085581212465,0.008190988504523322,-0.0020500147291982033,False
db15k,db15k_mhyper_native,0.05,False,0,nan,nan,nan,nan,nan,nan,nan,False
db15k,db15k_mhyper_native,0.1,False,0,nan,nan,nan,nan,nan,nan,nan,False
db15k,db15k_mhyper_native,0.2,False,0,nan,nan,nan,nan,nan,nan,nan,False
db15k,db15k_mhyper_native,0.3,False,0,nan,nan,nan,nan,nan,nan,nan,False
db15k,db15k_mhyper_adamf,-0.3,True,47532,0.373032904148784,0.3513212151813515,0.2756458806698645,0.1289947164256376,0.12336081661328191,-0.017453193789736032,-0.0028815257134386482,False
db15k,db15k_mhyper_adamf,-0.2,True,47532,0.363839097870908,0.39914163090128757,0.23701927122780442,0.1091013921014796,0.10352954877460102,-0.019838479247674373,-0.003201643217448947,False
db15k,db15k_mhyper_adamf,-0.1,True,47532,0.34023394765631576,0.4761634267440882,0.18360262559959606,0.055992750101801124,0.048385162050657515,-0.02038603759606944,-0.004615039411128759,False
db15k,db15k_mhyper_adamf,-0.05,True,47532,0.31027518303458723,0.5416982243541193,0.14802659261129344,0.011309638068428877,0.014484080358684537,-0.015220430711448296,-0.006152473906056383,False
db15k,db15k_mhyper_adamf,0.05,False,0,nan,nan,nan,nan,nan,nan,nan,False
db15k,db15k_mhyper_adamf,0.1,False,0,nan,nan,nan,nan,nan,nan,nan,False
db15k,db15k_mhyper_adamf,0.2,False,0,nan,nan,nan,nan,nan,nan,nan,False
db15k,db15k_mhyper_adamf,0.3,False,0,nan,nan,nan,nan,nan,nan,nan,False
db15k,db15k_native_adamf,-0.3,True,47532,0.4239038963224775,0.3118951443238239,0.2642009593536986,0.1229431641924045,0.09169339660793396,0.00016163533359175863,0.003752363664711527,True
db15k,db15k_native_adamf,-0.2,True,47532,0.41584616679289743,0.3504586383909787,0.23369519481612389,0.1296440681122082,0.08921997233664403,-0.002363900298176985,0.005269671524752735,False
db15k,db15k_native_adamf,-0.1,True,47532,0.39506016999074306,0.4146469746696962,0.19029285533956072,0.10312801639976192,0.059032969326125284,-0.0022023941587710205,0.0009466339110975014,False
db15k,db15k_native_adamf,-0.05,True,47532,0.36949844315408564,0.4763106959522006,0.1541908608937137,0.06578081878144748,0.025891137160590993,0.000993421532396982,-0.0010017281256441254,False
db15k,db15k_native_adamf,0.05,False,0,nan,nan,nan,nan,nan,nan,nan,False
db15k,db15k_native_adamf,0.1,False,0,nan,nan,nan,nan,nan,nan,nan,False
db15k,db15k_native_adamf,0.2,False,0,nan,nan,nan,nan,nan,nan,nan,False
db15k,db15k_native_adamf,0.3,False,0,nan,nan,nan,nan,nan,nan,nan,False
