dataset,pair_id,relation,n_query_instances,n_original_triples,n_nonreference_action_rows,opportunity_prevalence,actual_mean_u,spearman,positive_auprc_lift,harmful_auprc_lift,top_10pct_actual_mean_u,h1_style_pass
mkg_w,mkgw_mhyper_native,0,4974,829,39792,0.850422195416164,0.0006728080714602225,0.3253629084044777,0.16009691313050622,0.15074269813716784,0.0027669146814923344,True
mkg_w,mkgw_mhyper_native,1,804,134,6432,0.3681592039800995,-0.002223212493760455,0.16377065605191962,0.09448882858393964,0.06108364814250944,-0.0015849940693322174,False
mkg_w,mkgw_mhyper_native,2,816,136,6528,0.5833333333333334,-0.0016171563543401263,0.11760900901900054,0.02983778158069139,0.05308232816182473,0.00532119824049627,True
mkg_w,mkgw_mhyper_native,3,852,142,6816,0.5410798122065728,-0.0023701966780233434,0.12851991544094915,0.10367145300480068,0.07963943985659205,0.0067523285225491265,True
mkg_w,mkgw_mhyper_native,4,198,33,1584,0.6363636363636364,-0.0026742517905947844,0.07837433186178978,0.05548419227565887,-0.00892067603650476,0.00848240517083546,False
mkg_w,mkgw_mhyper_native,5,924,154,7392,0.5043290043290043,-0.0005650006602738041,0.22970744991939843,0.1079417740340006,0.06156824754063417,0.002771869955249638,True
mkg_w,mkgw_mhyper_native,6,348,58,2784,0.6580459770114943,0.00025457837834289617,0.22361239797721522,0.13471820625316244,0.06637362157353133,-0.00018108945530598795,False
mkg_w,mkgw_mhyper_native,7,720,120,5760,0.7763888888888889,0.003117090132811438,0.3749083857655632,0.17749282024481877,0.17394902187934613,0.019889474768661285,True
mkg_w,mkgw_mhyper_native,8,570,95,4560,0.1631578947368421,0.0002458957018781921,-0.011306935703657638,0.010916383542451488,0.04132938265293386,-0.004941053383067163,False
mkg_w,mkgw_mhyper_native,9,426,71,3408,0.4460093896713615,-0.002914143643721454,0.05128801700312531,-0.011680252701638333,0.08032792063857949,-0.006215844350105671,False
mkg_w,mkgw_mhyper_native,10,252,42,2016,0.5634920634920635,-0.00023000436708971414,0.17766668710581876,0.06588782478379807,0.03292247185355229,-0.0007538750527800681,False
mkg_w,mkgw_mhyper_native,11,1068,178,8544,0.7350187265917603,-0.0006283862839117875,0.3027848163907292,0.1536138901712537,0.11683445055091107,0.009568978878085608,True
mkg_w,mkgw_mhyper_native,12,108,18,864,0.5185185185185185,-0.004307976436633119,0.10289218611661237,0.009493139560926456,0.044449053730167054,-0.008470123299799728,False
mkg_w,mkgw_mhyper_native,13,2772,462,22176,0.5007215007215007,-0.0023921056339628213,0.15855398312483723,0.08333165178658702,0.058873867528326185,0.0014666971171179207,True
mkg_w,mkgw_mhyper_native,14,456,76,3648,0.16666666666666666,1.5354906289318276e-05,-0.0020840881431493895,-0.010000333540947995,0.06988436302501272,0.0032052561667891212,False
mkg_w,mkgw_mhyper_native,15,246,41,1968,0.5609756097560976,0.006375216124610016,0.24050902890876244,0.1047568365561895,0.08679556886676576,0.007869433928869848,True
mkg_w,mkgw_mhyper_native,16,774,129,6192,0.6395348837209303,-0.0003684737306178382,0.09063033963701043,0.0420958599695902,0.05880768599303937,-0.0038142135906524075,False
mkg_w,mkgw_mhyper_native,18,1008,168,8064,0.7351190476190477,0.0008519272183766846,0.1349753940962355,0.0770747026975494,0.04702665201407835,-0.00610174259629808,False
mkg_w,mkgw_mhyper_native,19,138,23,1104,0.5652173913043478,-0.004727257805122078,0.25452138991126244,0.0684111976207975,0.1028246652585017,0.016268423971042816,True
mkg_w,mkgw_mhyper_native,21,756,126,6048,0.4695767195767196,-0.0001714929542305482,0.206185475720984,0.06968105240583755,0.09104481388511465,0.0018116642604270598,True
mkg_w,mkgw_mhyper_native,22,1128,188,9024,0.4122340425531915,-0.002922914433338308,0.19108774498868483,0.06590096509361629,0.08070376950237018,-0.003172686298980117,False
mkg_w,mkgw_mhyper_native,27,78,13,624,0.6794871794871795,-0.0032520913796320505,0.1580362273238518,0.02800523214345485,0.07502900975877497,-0.02036423365017174,False
mkg_w,mkgw_mhyper_native,29,450,75,3600,0.38666666666666666,-0.019432369592131644,0.10778214745751373,-0.013018593465140088,0.12917578931816415,-0.0015438213999952957,False
mkg_w,mkgw_mhyper_native,30,750,125,6000,0.7706666666666667,-0.000806381323418491,0.2653496746463378,0.13982889502829754,0.1196652043835238,0.012836321366403485,True
mkg_w,mkgw_mhyper_native,31,450,75,3600,0.8511111111111112,0.0006107015580804202,0.3130731857714641,0.13695376889414634,0.1567278264586583,0.007829332715224393,True
mkg_w,mkgw_mhyper_native,32,486,81,3888,0.6399176954732511,0.0008200865849782298,0.26081526543664874,0.08162246674125384,0.113161816500154,0.016565157779542518,True
mkg_w,mkgw_mhyper_native,33,84,14,672,0.6547619047619048,-0.0037812727757181607,0.2319563696841821,0.08284673950479882,0.1050232451823766,-0.014172780972476559,False
mkg_w,mkgw_mhyper_native,34,552,92,4416,0.5163043478260869,-0.007224204549927821,0.23108603850737391,0.13338876004246566,0.07238515886794106,0.026600395895894892,True
mkg_w,mkgw_mhyper_native,37,246,41,1968,0.508130081300813,-0.005724422019397656,0.12336778515531485,0.09200897361459676,-0.002555478759903307,0.004384247574598508,False
mkg_w,mkgw_mhyper_native,39,84,14,672,0.21428571428571427,-0.024754393042646355,0.00859840111944092,-0.01972594225051265,0.03489338106784928,0.004900247924258308,False
mkg_w,mkgw_mhyper_native,40,90,15,720,0.5888888888888889,-0.004874188764056838,0.2711024984023858,0.12106579841889936,0.08185741776099792,0.027250171433944252,True
mkg_w,mkgw_mhyper_native,41,66,11,528,0.3484848484848485,-0.02216549383424247,0.2101063517955082,0.07767177506905912,0.08048577770451076,-0.03514958476262351,False
mkg_w,mkgw_mhyper_native,44,78,13,624,0.6282051282051282,0.003117072808306339,0.04613447604778004,0.015258092659316103,-0.0012921705438142528,0.04084991162914343,False
mkg_w,mkgw_mhyper_native,46,66,11,528,0.19696969696969696,-0.009293731460167537,0.22529784578264228,0.05258373149777015,0.09376425767679535,0.028616352201257862,True
mkg_w,mkgw_mhyper_native,48,192,32,1536,0.6302083333333334,-0.00029895002984963023,0.2057882092151264,0.03562880625380688,0.21896728888583789,-0.004884687497524425,False
mkg_w,mkgw_mhyper_native,49,78,13,624,0.5128205128205128,-0.0026669773815875667,0.18208486980230593,0.0815369448575533,0.11372238386704286,-0.023760637359761628,False
mkg_w,mkgw_mhyper_native,50,234,39,1872,0.5213675213675214,0.0032146024155427027,0.2545947596448477,0.11493796956479158,0.1854573575809777,0.038602440240497395,True
mkg_w,mkgw_mhyper_native,53,102,17,816,0.49019607843137253,-0.005872363306331644,0.2650384975527447,0.14045798481375343,0.06076592343826545,0.021068629813216735,True
mkg_w,mkgw_mhyper_native,56,288,48,2304,0.5555555555555556,-0.0006853733754865669,0.25753994799473773,0.129597421013322,0.1005556449992942,0.017986163371515335,True
mkg_w,mkgw_mhyper_native,57,72,12,576,0.6111111111111112,0.006577129426274937,0.3219642309925881,0.14274520865937868,0.07014296555990779,0.04169433138786925,True
mkg_w,mkgw_mhyper_native,58,198,33,1584,0.6767676767676768,-0.0010614243133057202,0.2213601585584113,0.1533368340309424,0.08702986627172044,0.01570598532957139,True
mkg_w,mkgw_mhyper_native,59,162,27,1296,0.6481481481481481,0.003963751299679076,-0.030735007130394967,0.026189700959221962,0.022194413062938234,-0.002238681071418626,False
mkg_w,mkgw_mhyper_native,61,102,17,816,0.6372549019607843,-0.0033876554248645795,0.03158954725493982,0.006568388660189883,0.016573360932794656,0.010986701565371914,True
mkg_w,mkgw_mhyper_native,64,96,16,768,0.3125,-0.002782200764757017,0.06706588426906263,0.0253419513229399,0.08726071517240577,-0.00212111874462961,False
mkg_w,mkgw_mhyper_native,72,162,27,1296,0.7592592592592593,0.008579437420857703,0.2505669866058419,0.10659050547256521,0.06849602346950034,0.012986740405677039,True
mkg_w,mkgw_mhyper_native,77,72,12,576,0.6944444444444444,0.009834584029151475,0.18728970323655536,0.18761810206486584,0.01758832337236771,0.024031943380818193,True
mkg_w,mkgw_mhyper_adamf,0,4974,829,19896,0.7129071170084439,-0.0014196190047297964,0.03420070141148877,0.04340938075032286,0.008982802513025134,-0.00036826081266353534,False
mkg_w,mkgw_mhyper_adamf,1,804,134,3216,0.24875621890547264,-0.016568881474298525,0.14125917579958638,0.1050293714771626,0.009032918544181173,-0.0025650561018169403,False
mkg_w,mkgw_mhyper_adamf,2,816,136,3264,0.4522058823529412,-0.005735190936277675,0.1595230773265304,0.09289828002210487,-0.008875102810464774,-0.006122301149529893,False
mkg_w,mkgw_mhyper_adamf,3,852,142,3408,0.3333333333333333,-0.013886138258525435,0.2206401318967101,0.2357231680163583,0.013901961290398779,0.0027905222016787958,True
mkg_w,mkgw_mhyper_adamf,4,198,33,792,0.4444444444444444,-0.015558008340947628,-0.013222111834268626,0.023876961144977782,-0.015684967435548175,0.00032816974440905296,False
mkg_w,mkgw_mhyper_adamf,5,924,154,3696,0.3874458874458874,-0.009255457659425176,0.16973848861513044,0.12178232811936468,0.003012927741591065,0.013072427459876093,True
mkg_w,mkgw_mhyper_adamf,6,348,58,1392,0.5057471264367817,-0.015053166971403553,0.0625974306832796,0.055652857643650744,-0.009423866582698004,-0.009477210482815513,False
mkg_w,mkgw_mhyper_adamf,7,720,120,2880,0.5569444444444445,-0.004756029856943596,0.033829758455684956,0.040082695663932355,-0.012001819239071537,1.2605742401954943e-05,False
mkg_w,mkgw_mhyper_adamf,8,570,95,2280,0.10350877192982456,-0.03438381209980524,0.13091217263974536,0.10479210283740079,0.014770249819017922,-0.020480114524954726,False
mkg_w,mkgw_mhyper_adamf,9,426,71,1704,0.3427230046948357,0.004737143329513821,0.12244453022287072,0.07818172178085758,-0.0009400189387143432,0.07002790439660789,False
mkg_w,mkgw_mhyper_adamf,10,252,42,1008,0.4246031746031746,-0.020030016902696814,0.14530916160581586,0.08502925959247654,0.031905449799144975,-0.021204676677815646,False
mkg_w,mkgw_mhyper_adamf,11,1068,178,4272,0.5926966292134831,-0.0017142834076991345,0.008465477885017787,0.016896043893147805,0.004784614193632769,0.001326753623513033,True
mkg_w,mkgw_mhyper_adamf,12,108,18,432,0.4074074074074074,-0.02013543728412885,0.13231210221134565,0.09500685672958736,0.012458829336377791,-0.01540244561962578,False
mkg_w,mkgw_mhyper_adamf,13,2772,462,11088,0.4541847041847042,-0.0020295164673204877,0.2653899848997962,0.16147263469451334,-0.01989506356310243,0.0011181706592029957,False
mkg_w,mkgw_mhyper_adamf,14,456,76,1824,0.07894736842105263,-0.033274047360558515,0.05432316566440611,0.03210522960443181,0.017735199835790777,-0.03912306389517086,False
mkg_w,mkgw_mhyper_adamf,15,246,41,984,0.4186991869918699,-0.011112201140740447,0.11714244575362795,0.0702435965278046,0.0076524029053087195,0.002945460416009608,True
mkg_w,mkgw_mhyper_adamf,16,774,129,3096,0.4315245478036176,-0.01728156038922968,0.09534152526802442,0.09089448455110599,-0.015436118453893477,0.004418351680762912,False
mkg_w,mkgw_mhyper_adamf,18,1008,168,4032,0.5803571428571429,-0.0003177824377721476,-0.0238888493108776,0.013556404581156367,0.011392953817798313,0.0006656716486510534,False
mkg_w,mkgw_mhyper_adamf,19,138,23,552,0.4492753623188406,-0.006752177893264072,0.04466110845126819,0.04143350332368573,-0.015503657665505904,-0.01550489780175464,False
mkg_w,mkgw_mhyper_adamf,21,756,126,3024,0.373015873015873,-0.000636037945766169,0.16698292125285502,0.104942066545051,-0.023216873480636432,0.005091069770805648,False
mkg_w,mkgw_mhyper_adamf,22,1128,188,4512,0.3129432624113475,-0.01709221780090661,0.17611914717345115,0.10883184005618157,0.0011645568182048205,-0.005722159387226795,False
mkg_w,mkgw_mhyper_adamf,27,78,13,312,0.5769230769230769,-0.008013461414221091,0.30728543035558065,0.17465706070447784,0.028657860402127117,-0.0009054751372743178,False
mkg_w,mkgw_mhyper_adamf,29,450,75,1800,0.24222222222222223,-0.039217546284207525,0.052491403814890286,0.032316401834182634,0.09548340862035459,-0.014258616594246301,False
mkg_w,mkgw_mhyper_adamf,30,750,125,3000,0.5586666666666666,-0.006903454221974833,0.0994328388362974,0.07820158081745687,0.007269164403212569,-0.0035473589714345925,False
mkg_w,mkgw_mhyper_adamf,31,450,75,1800,0.7244444444444444,-0.0010095235651354942,-0.0382317845365913,-0.009511797303743186,0.01190431766624872,0.004402955041697041,False
mkg_w,mkgw_mhyper_adamf,32,486,81,1944,0.5329218106995884,-0.0038771233327789417,0.13289030082631081,0.08519826877529879,0.013646877237745825,0.0051143537593180575,True
mkg_w,mkgw_mhyper_adamf,33,84,14,336,0.47619047619047616,-0.016465586604086157,0.055448313578179274,0.01693905995538103,0.05051516492841787,-0.027638998631619904,False
mkg_w,mkgw_mhyper_adamf,34,552,92,2208,0.39855072463768115,-0.011490380243639457,0.04943660936662836,0.029515581497539023,-0.004068424796865061,-0.0036963526848659382,False
mkg_w,mkgw_mhyper_adamf,37,246,41,984,0.4268292682926829,-0.014507819356416493,0.06996833287295878,0.04588368988520419,-0.0033770471461043172,-0.008719104408485086,False
mkg_w,mkgw_mhyper_adamf,39,84,14,336,0.10714285714285714,-0.03808277974766873,0.15743393842203357,0.017696587179186207,0.1342047813823365,-0.043823529411764706,False
mkg_w,mkgw_mhyper_adamf,40,90,15,360,0.4777777777777778,-0.012465703788900702,0.016324370673068175,-0.01340393016838759,0.057774190833353195,0.00015887404167517802,False
mkg_w,mkgw_mhyper_adamf,41,66,11,264,0.42424242424242425,-0.009257257528643793,0.12934262504733263,0.04417324378233939,0.024970237131773154,0.017952278065321802,True
mkg_w,mkgw_mhyper_adamf,44,78,13,312,0.44871794871794873,-0.004268992514877538,0.08038597620335229,0.05067308370284579,-0.021210877315290783,0.050654820822722844,False
mkg_w,mkgw_mhyper_adamf,46,66,11,264,0.13636363636363635,-0.03163930493608307,0.12248428185259527,0.06283156891432964,0.011863383448344061,-0.033161546551377076,False
mkg_w,mkgw_mhyper_adamf,48,192,32,768,0.5260416666666666,-0.013242597450452252,0.17031998228590375,0.12821349885690775,0.046904153007008786,0.017372467117176976,True
mkg_w,mkgw_mhyper_adamf,49,78,13,312,0.48717948717948717,0.0005698711176762358,0.1471527255725451,0.05753475373814687,0.010150321137028018,-0.011331665230656715,False
mkg_w,mkgw_mhyper_adamf,50,234,39,936,0.4230769230769231,-0.009785632528088149,0.2641609877128684,0.2529877175253443,-0.007765791070886319,0.03261758810012356,False
mkg_w,mkgw_mhyper_adamf,53,102,17,408,0.43137254901960786,-0.00010823001798651534,0.03458180326467587,0.02177113232961214,0.031011392712225833,0.05919473963849028,True
mkg_w,mkgw_mhyper_adamf,56,288,48,1152,0.3368055555555556,-0.009383872495521915,0.09025943903900646,0.05225013052658495,0.0050076277538655956,0.007633637030984282,True
mkg_w,mkgw_mhyper_adamf,57,72,12,288,0.5555555555555556,-0.009319626988682998,-0.00511944151213544,0.02802936631848124,0.0029616125324049836,-0.014100107709414571,False
mkg_w,mkgw_mhyper_adamf,58,198,33,792,0.46464646464646464,-0.0025951475999099302,0.21240001791702773,0.20244577095606253,0.002498615614330374,0.009524592888039028,True
mkg_w,mkgw_mhyper_adamf,59,162,27,648,0.4567901234567901,-0.007320553839879271,0.11670582850368574,0.09898221538998231,0.03151930622366303,-0.003377391171992638,False
mkg_w,mkgw_mhyper_adamf,61,102,17,408,0.39215686274509803,-0.017646359959369858,0.0850673734269706,-0.0029238028588941534,0.024439448081095383,-0.01651702177655901,False
mkg_w,mkgw_mhyper_adamf,64,96,16,384,0.19791666666666666,-0.03677788720263453,0.08313078073512492,0.1800427060981857,0.0017891465689614527,-0.026291788879627433,False
mkg_w,mkgw_mhyper_adamf,72,162,27,648,0.5802469135802469,0.002376840866744656,0.044726501774196396,0.01619713888800589,0.013218207568883172,0.003955647066925752,True
mkg_w,mkgw_mhyper_adamf,77,72,12,288,0.5416666666666666,0.00472922701167596,0.15748227727960712,0.054917963035333084,0.0142961926739677,-0.01208285403250687,False
mkg_w,mkgw_native_adamf,0,4974,829,24870,0.8116204262163249,-0.0021399233292447614,-0.015196301134914629,-0.00976322942367297,-0.006798198044621007,-0.0042231288127601695,False
mkg_w,mkgw_native_adamf,1,804,134,4020,0.3818407960199005,-0.013715086818192095,0.01303230550832308,0.004175944307527657,0.001499516748961205,-0.008986292887338387,False
mkg_w,mkgw_native_adamf,2,816,136,4080,0.5870098039215687,0.005518962173860944,0.019636843503406144,0.010116891823861274,0.0043719317594067275,0.006350712315791462,True
mkg_w,mkgw_native_adamf,3,852,142,4260,0.5375586854460094,-0.009994783326591771,0.04452207019302034,0.035541630005375524,-0.01983149638088519,-0.004603064654655574,False
mkg_w,mkgw_native_adamf,4,198,33,990,0.6515151515151515,-0.004695548846646405,-0.07872641635925097,0.0026912196676058264,-0.022154489283644052,-0.014349645909034918,False
mkg_w,mkgw_native_adamf,5,924,154,4620,0.5270562770562771,-0.01105085611779035,0.031722439775930415,0.004899626795847878,0.0033153254064026694,-0.02861444157049205,False
mkg_w,mkgw_native_adamf,6,348,58,1740,0.603448275862069,-0.011068278256066124,0.07494665870044416,0.014829029592647147,0.03534985871845664,0.009044034551452251,True
mkg_w,mkgw_native_adamf,7,720,120,3600,0.7125,-0.004435705462719147,0.05405214018483789,0.030795629348583986,-0.006479623398174372,-0.009173234252403104,False
mkg_w,mkgw_native_adamf,8,570,95,2850,0.18947368421052632,-0.03102389934395682,0.028387756923568683,-0.011252675000219564,0.10533519959189411,-0.026062477062855496,False
mkg_w,mkgw_native_adamf,9,426,71,2130,0.4694835680751174,-0.0023062181103070084,-0.006511130015020355,-0.013859797557054299,0.0072061611778390655,-0.005625580659574493,False
mkg_w,mkgw_native_adamf,10,252,42,1260,0.5079365079365079,-0.02199923565926258,0.07290464026617399,0.01679998676494482,0.0286394185770677,-0.033360540297351984,False
mkg_w,mkgw_native_adamf,11,1068,178,5340,0.6563670411985019,-0.010574763535684517,0.024276089860115892,0.013523262875577202,0.0035917829580388583,-0.019545873157227316,False
mkg_w,mkgw_native_adamf,12,108,18,540,0.6296296296296297,0.010382984776563665,-0.012650121110776779,0.033878923435364305,-0.007552644962237232,0.02578726559959726,False
mkg_w,mkgw_native_adamf,13,2772,462,13860,0.48484848484848486,0.0015500199191459294,-0.004966705766834831,0.04495979439082237,-0.046113592294234784,0.0017075305384559693,False
mkg_w,mkgw_native_adamf,14,456,76,2280,0.18859649122807018,-0.025045370778101293,0.06017327895642813,0.0054864890365594055,0.07623072383620988,-0.009233534977428013,False
mkg_w,mkgw_native_adamf,15,246,41,1230,0.4959349593495935,-0.004785579174359493,0.052694330658495596,0.029384576752846475,0.0148629542885369,0.0008677719815905821,True
mkg_w,mkgw_native_adamf,16,774,129,3870,0.5749354005167958,-0.013400472170583438,0.07716043221599916,0.05444841904334352,0.0026139620674477393,-0.001684950608396352,False
mkg_w,mkgw_native_adamf,18,1008,168,5040,0.6577380952380952,0.0014823819461609708,-0.008433363487222026,0.0032070169812964955,-0.003169576935091678,0.005270151448901284,False
mkg_w,mkgw_native_adamf,19,138,23,690,0.6014492753623188,-0.0066873110902465425,-0.05674046003107892,-0.03505399740532944,0.007173172788706161,-0.02343646548951953,False
mkg_w,mkgw_native_adamf,21,756,126,3780,0.43253968253968256,-0.010872158501859804,0.030349811169956723,0.019023274189421596,-0.022574552593286196,-0.003187116733862047,False
mkg_w,mkgw_native_adamf,22,1128,188,5640,0.4397163120567376,-0.018489332593983766,0.04145036163984555,0.003897357967674986,0.005811501021998289,-0.019144341445620213,False
mkg_w,mkgw_native_adamf,27,78,13,390,0.717948717948718,-0.00759403973102122,-0.007912498430853563,0.022024386206433544,-0.02560797885267424,-0.008097794806432032,False
mkg_w,mkgw_native_adamf,29,450,75,2250,0.38666666666666666,-0.0033562581752770004,-0.0009422796129962687,0.022543822471034036,-0.019321192760513334,0.007157235531919396,False
mkg_w,mkgw_native_adamf,30,750,125,3750,0.7466666666666667,-0.004576234871406395,0.030513803922243045,0.019235973275666784,0.006178257438357038,0.0007442438453382045,True
mkg_w,mkgw_native_adamf,31,450,75,2250,0.7377777777777778,-0.006299088398793238,0.04111792899279621,0.030464756470280407,0.01481195470768798,0.0021899991589542788,True
mkg_w,mkgw_native_adamf,32,486,81,2430,0.5740740740740741,-0.00727328708567016,0.02018618561949637,0.024426397819897194,0.00048486803861291783,-0.025768191202773585,False
mkg_w,mkgw_native_adamf,33,84,14,420,0.5595238095238095,0.007367013465981931,0.04325010429416189,0.06201749725126893,0.028185582249616536,0.011148348172604834,True
mkg_w,mkgw_native_adamf,34,552,92,2760,0.49818840579710144,-0.0005394238594749442,0.02854754600885477,0.009872232671790104,0.009204201600764572,0.0040861927027423224,True
mkg_w,mkgw_native_adamf,37,246,41,1230,0.540650406504065,-0.006712071208607543,-0.0337834454191888,-0.016165044735213907,-0.002577817696811202,-0.021957930865722328,False
mkg_w,mkgw_native_adamf,39,84,14,420,0.32142857142857145,-0.013561080878167332,-0.04953247632061013,-0.012193468692333731,0.010273533601850127,-0.023809523809523808,False
mkg_w,mkgw_native_adamf,40,90,15,450,0.5,-0.0020660630579217285,-0.04811384315968963,-0.039337279135626846,0.019605579828017083,-0.016649958990126175,False
mkg_w,mkgw_native_adamf,41,66,11,330,0.36363636363636365,0.0029704050547964505,0.17328559620881476,0.08596024362511479,0.0543085827629155,0.043377837333798644,True
mkg_w,mkgw_native_adamf,44,78,13,390,0.6153846153846154,-0.011248123232987736,0.0019814403560250143,-0.014904866663184635,0.0010333531049022682,0.012841786542589634,False
mkg_w,mkgw_native_adamf,46,66,11,330,0.16666666666666666,-0.05405103335688642,0.09115506127305725,0.03598008713335515,0.06085862760877489,0.025252525252525252,True
mkg_w,mkgw_native_adamf,48,192,32,960,0.6354166666666666,-0.021032660334636463,-0.004912539575186404,0.006466397729887607,-0.012064271463415932,-0.002969709857570141,False
mkg_w,mkgw_native_adamf,49,78,13,390,0.5769230769230769,0.005794659542967286,-0.08890298554204286,-0.033551307272177255,-0.022699902779155096,0.03825112172305277,False
mkg_w,mkgw_native_adamf,50,234,39,1170,0.5,-0.022264859792555082,0.1464087402761362,0.056990061726269914,0.02976647621495887,0.014858122897336077,True
mkg_w,mkgw_native_adamf,53,102,17,510,0.35294117647058826,-0.00985375246495416,-0.034284271899366135,-0.014372074890418723,-0.0016210662544720589,0.006570705242310984,False
mkg_w,mkgw_native_adamf,56,288,48,1440,0.5173611111111112,-0.003940468404865976,-0.03964446551564795,0.008954624707168679,-0.03189377036376295,-0.017381197736145354,False
mkg_w,mkgw_native_adamf,57,72,12,360,0.5,0.003153668839083401,-0.028380495920660533,0.00927397147935316,-0.021335813486642763,0.014677229243886794,False
mkg_w,mkgw_native_adamf,58,198,33,990,0.6161616161616161,-0.0031476441118183543,0.03570428383104732,0.02208722083051351,-0.0053844532860782834,-0.0023667554753353374,False
mkg_w,mkgw_native_adamf,59,162,27,810,0.5493827160493827,0.0004090159614434483,0.11980995247776406,0.06263631979617662,0.0592126711093105,0.014316895129149678,True
mkg_w,mkgw_native_adamf,61,102,17,510,0.6862745098039216,-0.0009084847582711822,-0.016894687018700973,0.022369764974402018,0.02122854405826624,0.019201841843668247,False
mkg_w,mkgw_native_adamf,64,96,16,480,0.34375,-0.018108299504128216,0.0676003244043785,0.01367779085267573,0.06849595860399613,-0.039905912751378156,False
mkg_w,mkgw_native_adamf,72,162,27,810,0.7098765432098766,-0.007000901006666449,0.05164584353509533,0.04197798785651785,0.018809325931044285,0.0007906376740066256,True
mkg_w,mkgw_native_adamf,77,72,12,360,0.5277777777777778,-0.021553000283039744,0.06366661060214805,-0.006303863923977138,0.07603815977321937,0.000612681190814638,False
db15k,db15k_mhyper_native,0,1746,291,6984,0.4289805269186712,-0.006682931195985896,0.06708143709428464,0.06463097822510055,0.0206045778797167,0.0032326081154007047,True
db15k,db15k_mhyper_native,1,1506,251,6024,0.3851261620185923,-0.008627464615621503,0.0784766837125667,0.02926450811928294,0.00034089831058584097,-0.0021476643780976626,False
db15k,db15k_mhyper_native,2,420,70,1680,0.3761904761904762,-0.003652853591273313,-0.013395773132982559,-0.005556409329915024,-0.018408313141475535,-0.00808174383171387,False
db15k,db15k_mhyper_native,3,138,23,552,0.2753623188405797,-0.017173753920389192,-0.013882397488885711,-0.02706914023031662,0.10891122312027543,-0.0034280848378357535,False
db15k,db15k_mhyper_native,4,144,24,576,0.041666666666666664,-0.018816826499118162,0.0907808965966321,-0.003706265308425199,0.06920243554300341,-0.00862068965517241,False
db15k,db15k_mhyper_native,5,840,140,3360,0.4880952380952381,0.001880978320093789,-0.009030610666672807,-0.000929067366262526,0.002311071802219511,-0.0021449004780200323,False
db15k,db15k_mhyper_native,6,132,22,528,0.44696969696969696,-0.006287346640840692,-0.03547179952653011,-0.017671980829856104,0.023857547426902465,0.0103747733044623,False
db15k,db15k_mhyper_native,7,108,18,432,0.4444444444444444,0.0002739359962632749,0.04591693993211696,0.1151588922630431,-0.02847673387489344,-0.0004246497604604725,False
db15k,db15k_mhyper_native,8,60,10,240,0.55,-0.015954098487546323,0.10398042317440671,0.06648363869193213,0.04586631238504714,0.004275132681221886,True
db15k,db15k_mhyper_native,9,96,16,384,0.4270833333333333,-0.00030830218880662587,0.05893341566050343,0.08256441790593516,-0.006476380338610227,-0.00013633967233153842,False
db15k,db15k_mhyper_native,11,78,13,312,0.5384615384615384,-0.012027898135110418,0.011583880257826168,0.0049668412207551915,0.001415418166601956,0.005585995092300484,True
db15k,db15k_mhyper_native,12,3222,537,12888,0.5363128491620112,-0.004969415140880586,0.040529734811457885,0.021832388564303917,0.0007311054125242189,-0.006232995671503211,False
db15k,db15k_mhyper_native,13,78,13,312,0.15384615384615385,0.011651348519368384,-0.10752575437302862,0.012147508035743854,-0.017190787857273432,0.041079616790323986,False
db15k,db15k_mhyper_native,14,492,82,1968,0.4349593495934959,-0.003364337545198126,0.0070880723919340425,0.008820052691419833,0.0334656857558327,-0.004776378448216192,False
db15k,db15k_mhyper_native,17,516,86,2064,0.6511627906976745,0.002544575950117285,0.008774231207060347,0.015826307227586156,0.026527474869144474,0.010998669358081565,True
db15k,db15k_mhyper_native,18,234,39,936,0.6495726495726496,0.0027515112005242117,-0.03403833414015779,0.015522119050128014,0.032491951464634766,0.008596954436784533,False
db15k,db15k_mhyper_native,19,408,68,1632,0.4411764705882353,-0.005315996851728268,-0.013209702708695092,0.014070187607695739,-0.012678228420923643,8.79387019828471e-05,False
db15k,db15k_mhyper_native,20,102,17,408,0.21568627450980393,0.0009070813684059133,-0.06575456310598157,-0.02565377360650925,0.02075887894301605,-0.024349793610527193,False
db15k,db15k_mhyper_native,21,648,108,2592,0.3055555555555556,0.00034019559924032804,0.048621908970219965,0.030109989612486066,0.022908352200176466,-0.0016450933494244115,False
db15k,db15k_mhyper_native,23,66,11,264,0.3333333333333333,-0.013355988901038177,-0.013591709295603329,-0.03639951272386688,0.07931741487488778,0.0008250794380920809,False
db15k,db15k_mhyper_native,25,90,15,360,0.6222222222222222,0.0034761449582523265,0.012654536254033512,0.07260484282461566,0.038207922872657285,0.002164884752272207,True
db15k,db15k_mhyper_native,27,306,51,1224,0.4150326797385621,-0.0026025870372339065,-0.023229369330080765,0.009499901713881154,0.007270510578316208,-0.0006599180189596415,False
db15k,db15k_mhyper_native,28,354,59,1416,0.4915254237288136,-0.007487384148053651,0.11571566560996573,0.0689552088022165,0.0077934788400429444,-0.006880642374511809,False
db15k,db15k_mhyper_native,30,60,10,240,0.6666666666666666,0.012297485591956954,-0.12201711212836112,-0.01645274509483441,0.07234105227973993,0.030165852353560865,False
db15k,db15k_mhyper_native,32,78,13,312,0.4358974358974359,0.01233568815933675,0.06288371268875408,0.011302779398259188,0.022690964945745212,0.05534026904994646,True
db15k,db15k_mhyper_native,33,1008,168,4032,0.25992063492063494,-0.01353251380650782,0.012119169697945197,0.0012366817308978317,0.020978569117864276,-0.000592573355681086,False
db15k,db15k_mhyper_native,35,1428,238,5712,0.4887955182072829,-0.0004343892356656111,0.08979434822561855,0.047067297938968466,-0.004058530188603304,-0.001561535911981424,False
db15k,db15k_mhyper_native,36,234,39,936,0.42735042735042733,-0.007251385482803847,0.04780886845202217,0.02113566598843264,0.0026103351247062367,0.0012490660829555494,True
db15k,db15k_mhyper_native,37,60,10,240,0.48333333333333334,0.022421321443187515,0.07821138665209877,0.05629174569217821,-0.004796390305138648,0.022472222903620803,False
db15k,db15k_mhyper_native,39,852,142,3408,0.19953051643192488,-0.011503571153091956,0.08922291350414115,0.0403445898826173,0.02634444307141194,-0.003877102107187192,False
db15k,db15k_mhyper_native,42,174,29,696,0.47701149425287354,0.0011097198907989783,-0.0574069526753677,-0.033950863745700666,0.008209466970443169,0.005476201559763067,False
db15k,db15k_mhyper_native,43,180,30,720,0.4777777777777778,0.003843502229951321,-0.0066037050119685066,0.019551925139696724,0.024123429228023158,-0.01506180519196185,False
db15k,db15k_mhyper_native,44,108,18,432,0.48148148148148145,-0.005104487344309866,-0.005535833615298477,0.03472990927131503,0.026292761121686103,-0.02907066202753986,False
db15k,db15k_mhyper_native,47,2472,412,9888,0.5206310679611651,0.0021958898807786452,6.186295916855618e-05,0.013842866430739731,-0.006911248327799935,0.003213491775497144,False
db15k,db15k_mhyper_native,49,456,76,1824,0.4605263157894737,0.0004203423768049948,0.07295934232240467,0.057185289309109766,0.004197591303010673,0.018481987058273575,True
db15k,db15k_mhyper_native,50,162,27,648,0.49382716049382713,0.006166866257093894,-0.006033332702435371,0.03576148221630937,0.008618592071222939,0.0036489594095738685,False
db15k,db15k_mhyper_native,51,138,23,552,0.36231884057971014,-0.005469121993682594,0.029761042133227996,0.033318344270928835,0.009237842552291015,0.0077537887878333725,True
db15k,db15k_mhyper_native,56,84,14,336,0.2857142857142857,-0.018441113505040768,-0.07045556374350435,-0.011006241861832411,-0.0007519451806348443,-0.03794975592576212,False
db15k,db15k_mhyper_native,61,246,41,984,0.4349593495934959,-0.003248809064547486,-0.0033315515098508337,0.0058802162846079975,-0.003200886672074521,-0.009101980419160586,False
db15k,db15k_mhyper_native,63,102,17,408,0.3137254901960784,-0.01704433636009069,0.15667447115988242,0.11518046134057738,0.12338429291780081,0.00026333418830802217,True
db15k,db15k_mhyper_native,64,192,32,768,0.5104166666666666,-0.005696210571757134,0.1413823614749387,0.08233532623977646,0.08825634112657424,-0.0019251016405386339,False
db15k,db15k_mhyper_native,65,342,57,1368,0.3742690058479532,-0.00845867851960872,0.09595536052926584,0.012727727793586552,0.050397610548836624,-0.0012085191150488157,False
db15k,db15k_mhyper_native,66,462,77,1848,0.29004329004329005,-0.01037289021711229,-0.00310566550708762,-0.023561074557009287,0.03934411545056865,-0.008868063952788961,False
db15k,db15k_mhyper_native,67,156,26,624,0.21794871794871795,-0.007813898875735609,0.05287695923945835,0.01888143225742206,0.05716592870014893,-0.006994957616438619,False
db15k,db15k_mhyper_native,68,258,43,1032,0.26744186046511625,-0.01632124934280081,0.01904767836545067,-0.02068333369266187,0.028833900773706678,-0.0021613345045069796,False
db15k,db15k_mhyper_native,69,126,21,504,0.2619047619047619,-0.024521182048797892,0.12613318134537493,0.018510611014789624,0.12290976651536568,0.00044293780005372804,True
db15k,db15k_mhyper_native,71,72,12,288,0.3055555555555556,-0.0020430449286047594,0.08133235268121315,0.025397294459726744,0.04975862773340309,0.02467397863949587,True
db15k,db15k_mhyper_native,72,96,16,384,0.3333333333333333,-0.0053982783173213275,0.09145316598613382,0.13710780512643755,0.008756298908737192,0.00016905873907373448,True
db15k,db15k_mhyper_native,73,3558,593,14232,0.6531759415401911,-0.0007659807974891217,-0.036489809281829516,-0.005193046238608612,-0.008553679387090146,-0.003972974268509125,False
db15k,db15k_mhyper_native,74,132,22,528,0.4318181818181818,-0.007073309999713482,0.1894125687004688,0.14661775122256715,0.008276610491214503,0.044320318446208484,True
db15k,db15k_mhyper_native,75,102,17,408,0.20588235294117646,-0.010889547197135847,-0.0008464365783437866,0.024168334832617905,0.004876273056746275,-0.008139896405130782,False
db15k,db15k_mhyper_native,76,1104,184,4416,0.4746376811594203,0.006153042958862211,0.023884179275395673,0.015423313443404085,-0.0170199132665953,0.010735814302780158,False
db15k,db15k_mhyper_native,78,96,16,384,0.020833333333333332,-0.023463241041366042,0.040398535815791545,-0.000907104275825881,0.02805154059161473,-0.013157894736842105,False
db15k,db15k_mhyper_native,79,78,13,312,0.5256410256410257,0.0004299159496561622,0.0332108146697742,0.04932212604723296,0.053672381085135126,-4.164989402670751e-05,False
db15k,db15k_mhyper_native,80,378,63,1512,0.455026455026455,-0.0024130296423342345,0.0142753704819581,0.02964697407996275,0.0443041068314832,0.004799155921011904,True
db15k,db15k_mhyper_native,81,498,83,1992,0.5401606425702812,0.009427593180316688,0.033383310112579605,0.016351509742165315,0.006970055179393558,0.005537536916304355,True
db15k,db15k_mhyper_native,82,114,19,456,0.18421052631578946,-0.011258154822369894,0.0186586001844995,-0.024901490091370576,0.05870923606364978,0.001345755693581778,False
db15k,db15k_mhyper_native,83,144,24,576,0.13194444444444445,-0.005702419773707838,0.10916942600291296,-0.00663142198075832,0.05952296456469994,0.0006568144499178982,False
db15k,db15k_mhyper_native,84,96,16,384,0.3958333333333333,0.009626515573604182,-0.013554354968350701,0.009605714178735458,-0.016019762630193418,0.012475325612459672,False
db15k,db15k_mhyper_native,87,1260,210,5040,0.46904761904761905,0.0010703664978226667,0.026135006820330667,0.037613747552321,-0.01396210280896551,0.007144933061389907,False
db15k,db15k_mhyper_native,89,1284,214,5136,0.5887850467289719,0.005707674701758287,-0.008065220070644887,0.023654120393183875,-0.003107973874788228,0.007564683816905881,False
db15k,db15k_mhyper_native,90,1110,185,4440,0.14504504504504503,-0.014090611268295224,0.031245612871604378,0.0019740791586068535,0.025644022000146663,-0.005718339050238618,False
db15k,db15k_mhyper_native,91,1056,176,4224,0.11553030303030302,-0.011667513215691741,0.05969439191925621,0.01111739475780743,0.017813115258137592,-0.00759686056243872,False
db15k,db15k_mhyper_native,92,168,28,672,0.20833333333333334,-0.01170101345361577,0.14943027674128562,0.043845265429006186,0.07359512806877591,0.028844975074437857,True
db15k,db15k_mhyper_native,95,726,121,2904,0.418732782369146,-0.007439194699718581,0.03197320376392978,0.013128498992657334,0.03748925159743044,-0.007371411440905973,False
db15k,db15k_mhyper_native,97,234,39,936,0.405982905982906,-0.015248848827844897,0.07707578090260325,0.05178997397333618,0.06535780459694868,-0.004665169824044189,False
db15k,db15k_mhyper_native,98,126,21,504,0.31746031746031744,-0.003713346643096056,0.035724918130710374,0.1025992440810772,-0.011823485756711799,0.009316652382483373,False
db15k,db15k_mhyper_native,99,150,25,600,0.30666666666666664,-0.003138010397573468,0.01680386730681826,-0.019268243989548378,0.04814739728808168,-0.0070316737450861555,False
db15k,db15k_mhyper_native,100,78,13,312,0.6282051282051282,0.011452920331084528,-0.09895137813565176,-0.0062100784619775196,0.01960296111734655,-0.0003492450606668463,False
db15k,db15k_mhyper_native,102,678,113,2712,0.2890855457227139,-0.009387133727764929,0.02151320480416142,0.005642042606199882,0.028369024005636234,-0.0069159829307471,False
db15k,db15k_mhyper_native,103,528,88,2112,0.3731060606060606,-0.008331232072752357,0.0231592186082559,-0.031712842425630716,0.06263313991296343,-0.002628877208733015,False
db15k,db15k_mhyper_native,104,768,128,3072,0.26171875,-0.010114625211670093,0.030614550159676998,0.0013057632926577467,0.012653429039597985,-0.010048836290766071,False
db15k,db15k_mhyper_native,105,576,96,2304,0.1909722222222222,-0.010997086328761344,-0.0229040758034999,-0.01731359957184922,0.020158767653471243,-0.011459466187371939,False
db15k,db15k_mhyper_native,106,126,21,504,0.3968253968253968,-0.004953774243315024,0.017498545028693083,0.027038550993325083,0.028499387343231847,-0.0211351401554601,False
db15k,db15k_mhyper_native,108,138,23,552,0.4855072463768116,0.006948689584560865,0.2240044940167167,0.06596878018283547,0.0898079044871723,0.0052329145887703345,True
db15k,db15k_mhyper_native,110,204,34,816,0.08823529411764706,-0.01807724042788495,0.12724417844084288,-0.0032207409760610928,0.07916544677393392,-0.006035873811589615,False
db15k,db15k_mhyper_native,111,840,140,3360,0.3880952380952381,-0.00389606136127168,0.00854599688153814,-0.0037942926039209457,0.025763518045791245,-0.001168749289319847,False
db15k,db15k_mhyper_native,113,90,15,360,0.3111111111111111,-0.04166238615238241,-0.04709273738676383,-0.02189064764651419,0.05681111111325132,-0.024163121397146308,False
db15k,db15k_mhyper_native,117,474,79,1896,0.23417721518987342,-0.012747982933684156,0.029938597881989975,-0.007509906851677101,0.054010764322547075,-0.016009276812279327,False
db15k,db15k_mhyper_native,122,156,26,624,0.2692307692307692,-0.0013085879806122296,0.021468212321202714,0.028724908323649434,0.010692416396040377,0.00620695548449484,True
db15k,db15k_mhyper_native,132,84,14,336,0.4642857142857143,-0.004126073741425318,-0.0206478038854698,-0.021488015537130756,-0.01147547648110539,-0.02287749617588372,False
db15k,db15k_mhyper_native,134,114,19,456,0.14912280701754385,-0.0012222082994757955,-0.020602567805859357,-0.023301294368497733,0.030641884765894772,0.006706037304982688,False
db15k,db15k_mhyper_native,145,90,15,360,0.4,-0.0012357176044600101,0.054868545098830275,0.033604026667429454,0.019177374969458316,-0.011958190246173051,False
db15k,db15k_mhyper_native,146,84,14,336,0.30952380952380953,-0.0032562181087624864,-0.0509080267991477,-0.004018529222364342,-0.008834799569018892,0.0004090889949650872,False
db15k,db15k_mhyper_native,152,132,22,528,0.2803030303030303,-0.008530285252043955,-0.02443189941034363,0.00033728422465090224,-0.030004059287937757,-0.009454822523329761,False
db15k,db15k_mhyper_native,156,96,16,384,0.03125,-0.010447374947142334,0.022728342022640777,-0.004934189657192105,0.038086045868069976,0.0,False
db15k,db15k_mhyper_native,177,300,50,1200,0.5666666666666667,0.0022009912511974693,-0.059515683668738,-0.008903944908728645,0.0179232957778947,-0.0014219143225003839,False
db15k,db15k_mhyper_native,179,66,11,264,0.6212121212121212,-0.00023766380527619224,-0.023806970250095313,0.04575465670900125,-0.032335317841110406,0.00291502306718522,False
db15k,db15k_mhyper_native,225,102,17,408,0.12745098039215685,-0.00396585870248112,-0.04097387140472884,-0.002636744844618996,0.01649547865742234,0.00019158884533498294,False
db15k,db15k_mhyper_native,226,90,15,360,0.2,-0.007383935619059735,-0.08906326458265441,-0.022634937810198347,-0.0035334177770848657,-0.018722209600121793,False
db15k,db15k_mhyper_native,278,6252,1042,25008,0.23080614203454894,-0.004726014302616622,-0.03312990398113347,0.014407405720211042,-0.03940448689829179,-0.002571982045861007,False
db15k,db15k_mhyper_adamf,0,1746,291,6984,0.45303550973654066,-0.011487136757506481,0.16526009831863037,0.10785163268959469,0.04377020582382876,0.011719224749077422,True
db15k,db15k_mhyper_adamf,1,1506,251,6024,0.38247011952191234,-0.017012580391661578,0.0545399480080447,0.03500220906380164,-0.010524327767232916,-0.009800327717903906,False
db15k,db15k_mhyper_adamf,2,420,70,1680,0.4119047619047619,-0.011551916435594455,0.031406373923517625,0.01068098667116224,0.006623808405973736,-0.014489756552714022,False
db15k,db15k_mhyper_adamf,3,138,23,552,0.2898550724637681,-0.045872510701637365,0.07880749831368651,-0.005130483753479798,0.14200850315483857,-0.01776732082472763,False
db15k,db15k_mhyper_adamf,4,144,24,576,0.034722222222222224,-0.05476879409171076,0.23614145314034404,0.021708134168426096,0.1496598025401977,-0.015831964969896008,False
db15k,db15k_mhyper_adamf,5,840,140,3360,0.4928571428571429,-0.007438592721459301,0.08598250557185709,0.05584616479015836,-6.260652439749048e-05,-0.0013905104333860284,False
db15k,db15k_mhyper_adamf,6,132,22,528,0.48484848484848486,-0.023275798495987286,-0.013372653744621142,0.0021510736615475423,0.002479746577119968,-0.04507722125761694,False
db15k,db15k_mhyper_adamf,7,108,18,432,0.4351851851851852,-0.015386008989497059,0.14615305876677348,0.14006689232693215,-0.018256472030427212,0.027685893699360066,False
db15k,db15k_mhyper_adamf,8,60,10,240,0.43333333333333335,-0.031920799077153,0.10493825368486315,0.0402259168103517,0.0774739241259561,-0.08066125866642719,False
db15k,db15k_mhyper_adamf,9,96,16,384,0.4270833333333333,-0.007853492662392159,0.09756911521882264,0.10896704485633235,0.10702519201511795,0.0016488641755127954,True
db15k,db15k_mhyper_adamf,11,78,13,312,0.5128205128205128,0.0020758333515999714,-0.012027104064604862,0.02683442927905566,0.07502848390583108,-0.015793222343416482,False
db15k,db15k_mhyper_adamf,12,3222,537,12888,0.548106765983861,-0.007912450645293567,0.05264528471257215,0.03453194551250305,-0.013430371527819618,-0.006844113677126982,False
db15k,db15k_mhyper_adamf,13,78,13,312,0.2692307692307692,-0.024458617809757326,-0.09374309808240675,-0.022403308439529757,0.024377576585302485,-0.046360391663996955,False
db15k,db15k_mhyper_adamf,14,492,82,1968,0.4654471544715447,-0.01246899058076956,0.03699665596462408,0.03451691405114182,0.014823411179657742,-0.020014279184118047,False
db15k,db15k_mhyper_adamf,17,516,86,2064,0.6763565891472868,0.0032219926853875765,-0.06929992497659967,0.007065427499822863,7.310428997903129e-05,0.0011121691587948764,False
db15k,db15k_mhyper_adamf,18,234,39,936,0.6923076923076923,-0.0030618675942388138,0.026738141082156483,0.029805252430201934,0.028412777108761222,0.014589764547908947,True
db15k,db15k_mhyper_adamf,19,408,68,1632,0.48284313725490197,-0.01440542652934451,0.03804661144075951,0.02362993401872643,-0.0013604811834006525,-0.009585252092424822,False
db15k,db15k_mhyper_adamf,20,102,17,408,0.2549019607843137,-0.018534713886868545,-0.0579182643416019,-0.03586287396880389,0.03372886375613374,-0.024368646018509823,False
db15k,db15k_mhyper_adamf,21,648,108,2592,0.2777777777777778,-0.01510654823603528,0.09459032764735481,0.08146337946228988,0.013136236146526037,-0.005057406376784816,False
db15k,db15k_mhyper_adamf,23,66,11,264,0.3939393939393939,-0.015981173627637825,-0.08630039821563952,0.0014163415745678254,0.02540751808790004,-0.05898951304469668,False
db15k,db15k_mhyper_adamf,25,90,15,360,0.6888888888888889,-0.003233870793692918,-0.00030965617757947934,0.05577176575871101,0.04212829660853709,0.044378287604420155,False
db15k,db15k_mhyper_adamf,27,306,51,1224,0.4150326797385621,-0.015456495965670147,0.1283484362026717,0.08653394672036363,0.05399633205970836,-0.011554193531635568,False
db15k,db15k_mhyper_adamf,28,354,59,1416,0.5508474576271186,-0.012490194088451381,0.20937045573139812,0.13667925549536453,0.04581785618747625,-0.011019226307513397,False
db15k,db15k_mhyper_adamf,30,60,10,240,0.6833333333333333,0.012987180290665626,0.021440632401164544,0.059320941632070245,0.005020746331054579,-0.0030703666404356053,False
db15k,db15k_mhyper_adamf,32,78,13,312,0.41025641025641024,0.002271061272369924,-0.023940923261604873,0.016391645899238916,0.018270316332005654,0.0938913661324527,False
db15k,db15k_mhyper_adamf,33,1008,168,4032,0.2698412698412698,-0.027094445547257835,0.05428819720736779,0.036132836628266024,0.010456869395167212,-0.005677740472591664,False
db15k,db15k_mhyper_adamf,35,1428,238,5712,0.5007002801120448,-0.005641988981828736,0.12378011249013024,0.0988917910964418,0.0017903889099747938,0.006101432888797621,True
db15k,db15k_mhyper_adamf,36,234,39,936,0.47863247863247865,-0.012088318181642957,0.049223878256874375,0.05266892749809615,0.005249471152594859,-0.0010041609886836409,False
db15k,db15k_mhyper_adamf,37,60,10,240,0.5333333333333333,0.021145750507814986,-0.029005377691483772,0.06848067570165128,0.07259728642368082,-0.005277705264420544,False
db15k,db15k_mhyper_adamf,39,852,142,3408,0.19483568075117372,-0.03372975065155542,0.13618847696875955,0.0695246677651859,0.07592855654253766,-0.008597002847614525,False
db15k,db15k_mhyper_adamf,42,174,29,696,0.5229885057471264,0.0055737088932152675,-0.05315011634238233,-0.031153722676315,-0.026876017920649337,0.031435694205388304,False
db15k,db15k_mhyper_adamf,43,180,30,720,0.5333333333333333,-0.004348370970255111,-0.06192112967767853,0.025080355201762716,2.9127386845073655e-05,-0.014721480194574983,False
db15k,db15k_mhyper_adamf,44,108,18,432,0.5462962962962963,-0.0038235788486046226,-0.006716807295384736,0.027039759908778993,0.00916842857890704,-0.005710549461585836,False
db15k,db15k_mhyper_adamf,47,2472,412,9888,0.5206310679611651,-0.0038487947894255948,0.04553927495294492,0.049847117046938116,0.0013340311759177659,-0.0004031727413909434,False
db15k,db15k_mhyper_adamf,49,456,76,1824,0.48026315789473684,-0.007960673025387624,0.06183230918235941,0.03499675855427686,-0.0021393620260302393,0.00479243640144449,False
db15k,db15k_mhyper_adamf,50,162,27,648,0.4382716049382716,-0.013995077538084008,0.01353350220701283,0.0008528593360773162,0.06937121160029636,-0.03951031410165153,False
db15k,db15k_mhyper_adamf,51,138,23,552,0.36231884057971014,0.0005935441252510256,0.039856040936329586,0.04859896418599757,-0.007608121987566663,0.004853052090981268,False
db15k,db15k_mhyper_adamf,56,84,14,336,0.32142857142857145,-0.00862409099796853,-0.013697252865796306,0.01950509491524066,0.04004275347790942,-0.028956998834956983,False
db15k,db15k_mhyper_adamf,61,246,41,984,0.44308943089430897,-0.028110095933317942,0.17479643763112243,0.10693629483880723,0.11075759450480258,-0.0034943070770705707,False
db15k,db15k_mhyper_adamf,63,102,17,408,0.3431372549019608,-0.04568609956228181,0.32985848629256337,0.18298333402339778,0.2034372116488254,-0.0010727464848697345,False
db15k,db15k_mhyper_adamf,64,192,32,768,0.5520833333333334,-0.015583258581452819,0.2271750299577108,0.16661413155119048,0.08994749681073755,-0.017303876040072805,False
db15k,db15k_mhyper_adamf,65,342,57,1368,0.4093567251461988,-0.02408988361243499,0.038347557030991644,0.03127405085925611,0.031127288473808856,-0.0104751947864456,False
db15k,db15k_mhyper_adamf,66,462,77,1848,0.2683982683982684,-0.032702026570587586,0.018129077281294,-0.014039349760044867,0.0277191189255222,-0.03470442046939114,False
db15k,db15k_mhyper_adamf,67,156,26,624,0.21153846153846154,-0.019398404933502172,-0.05155584541234268,-0.02824612835756532,0.010260857687347677,-0.021746624052821132,False
db15k,db15k_mhyper_adamf,68,258,43,1032,0.26744186046511625,-0.038621886984962675,0.09796000659463297,0.02286837077691123,0.03800806634288409,-0.00978452837256259,False
db15k,db15k_mhyper_adamf,69,126,21,504,0.2777777777777778,-0.01565328928672275,0.18666683873630907,0.09351027193022504,0.11355720229664293,-0.00010022145000257603,False
db15k,db15k_mhyper_adamf,71,72,12,288,0.3611111111111111,-0.012613641973552305,0.014968905551289888,0.07887943243258444,0.016392346643009717,0.018575795079141488,True
db15k,db15k_mhyper_adamf,72,96,16,384,0.3854166666666667,-0.019416142562180227,0.08098164636483918,0.06697045400623453,0.016800482559171853,-0.017919841328304292,False
db15k,db15k_mhyper_adamf,73,3558,593,14232,0.6913996627318718,-0.004380279647321946,0.053728221586642526,0.036556929159003215,-0.005074150229369412,0.0006395064032965233,False
db15k,db15k_mhyper_adamf,74,132,22,528,0.36363636363636365,-0.013104790207065037,0.06884779943273535,0.0731290355621757,-0.029118590371092268,0.02413403383405764,False
db15k,db15k_mhyper_adamf,75,102,17,408,0.21568627450980393,-0.023438065853345843,0.21803254406159558,0.11757381072777931,0.023727124062123295,-0.012205686832896254,False
db15k,db15k_mhyper_adamf,76,1104,184,4416,0.453804347826087,-0.011204803955752345,0.06971691718696632,0.04974315939432011,-0.0077242925404577,-0.01062541276137378,False
db15k,db15k_mhyper_adamf,78,96,16,384,0.041666666666666664,-0.023944711249398745,0.12366123572955319,0.0003570495380956287,0.07564868641240756,-0.028362573099415204,False
db15k,db15k_mhyper_adamf,79,78,13,312,0.48717948717948717,-0.017033760488500162,0.04243558989971781,0.040046987071214346,0.07606767590988919,-0.0025536138119834867,False
db15k,db15k_mhyper_adamf,80,378,63,1512,0.46296296296296297,-0.013890350390371063,0.030252747548803523,0.028575089504362716,0.031233412155887763,-0.018296732798746416,False
db15k,db15k_mhyper_adamf,81,498,83,1992,0.5502008032128514,0.008961428544636616,0.06422529073210523,0.0398294718108001,-0.009077438843110963,0.009180638701865206,False
db15k,db15k_mhyper_adamf,82,114,19,456,0.14035087719298245,-0.03514841035748732,0.028192980045710556,0.03449597946843132,-0.010584021733029192,0.0025057226119142005,False
db15k,db15k_mhyper_adamf,83,144,24,576,0.1388888888888889,-0.04429132838665073,0.022589980737348667,0.008212111362852256,0.005515682458978932,-0.04008231738311458,False
db15k,db15k_mhyper_adamf,84,96,16,384,0.375,-0.02009921963508886,0.16997449629294223,0.10606117667483483,0.0514302004369625,0.011435261955466515,True
db15k,db15k_mhyper_adamf,87,1260,210,5040,0.49603174603174605,-0.007764572337161525,0.10137358121911565,0.061102358037746274,0.0009784806828914694,0.0019254432567884993,True
db15k,db15k_mhyper_adamf,89,1284,214,5136,0.5957943925233645,0.000990087417576878,0.005862308049540089,0.04986832153664411,-0.0038536816916646677,0.0018818990211344978,False
db15k,db15k_mhyper_adamf,90,1110,185,4440,0.14234234234234233,-0.03688333498857456,0.08838950335701758,0.03384661664067151,0.03027393939231636,-0.029714857137978785,False
db15k,db15k_mhyper_adamf,91,1056,176,4224,0.11458333333333333,-0.04501878106314388,0.14552405644911454,0.05825205068087071,0.050229846735451916,-0.020436647003914395,False
db15k,db15k_mhyper_adamf,92,168,28,672,0.21428571428571427,-0.019080151973351774,0.14804567041591984,0.046851295746267896,0.03456372601053857,-0.005193145488584975,False
db15k,db15k_mhyper_adamf,95,726,121,2904,0.3939393939393939,-0.01928029396217286,0.09461683115403532,0.041769948579527594,0.048178263882390965,-0.006624187672023077,False
db15k,db15k_mhyper_adamf,97,234,39,936,0.38461538461538464,-0.023098321054973326,0.03914819934795084,0.05350788162365544,0.10561433404713602,-0.0067495057169247264,False
db15k,db15k_mhyper_adamf,98,126,21,504,0.2857142857142857,-0.014679918715325849,0.04147554830456472,0.023600730583218238,0.04029781945677244,0.0024536934369079237,True
db15k,db15k_mhyper_adamf,99,150,25,600,0.38,-0.005649554249607849,-0.02132982488327212,0.012105614741824533,0.013016377568055126,-0.0010544393181126193,False
db15k,db15k_mhyper_adamf,100,78,13,312,0.6666666666666666,-0.012406448653060878,0.02540498653360966,0.02631980119276056,0.077741390196089,-0.008335738256464007,False
db15k,db15k_mhyper_adamf,102,678,113,2712,0.2669616519174041,-0.03132857033475786,0.12570765335350284,0.10690589376892592,0.027295539914732797,-0.0043808982194868794,False
db15k,db15k_mhyper_adamf,103,528,88,2112,0.375,-0.02228406447034382,0.057674396206673646,0.0038783860027787886,0.058348929857519743,-0.031808141397907656,False
db15k,db15k_mhyper_adamf,104,768,128,3072,0.2916666666666667,-0.022497736532792394,0.0908540792552248,0.028751029264080047,0.010467389863636017,-0.0028436036921138594,False
db15k,db15k_mhyper_adamf,105,576,96,2304,0.2048611111111111,-0.03565332502168889,0.0704067394925374,0.005616905724051852,0.0348575905739735,-0.04020589264139265,False
db15k,db15k_mhyper_adamf,106,126,21,504,0.4444444444444444,-0.020984272131264525,0.0705708429215137,0.08916316464599233,0.03226083934122023,0.005964306225849305,True
db15k,db15k_mhyper_adamf,108,138,23,552,0.463768115942029,7.635479436558328e-05,0.24118500972269272,0.1174198280756244,0.10294532281120089,0.004915283961916877,True
db15k,db15k_mhyper_adamf,110,204,34,816,0.07352941176470588,-0.026626905564422057,0.07124402214120491,-0.003480026788690707,0.07349576612093983,-0.008137679210043249,False
db15k,db15k_mhyper_adamf,111,840,140,3360,0.38571428571428573,-0.01670799272308874,0.07521823443424851,0.0604740394321569,0.010651285793473297,-0.018873774749977975,False
db15k,db15k_mhyper_adamf,113,90,15,360,0.3,-0.07261158757297081,0.11972960973193068,0.021587892049911017,0.1723773533256177,-7.934478745041632e-06,False
db15k,db15k_mhyper_adamf,117,474,79,1896,0.19831223628691982,-0.023806826714868785,0.016391264160493975,-0.015193025649413772,0.03778617967398212,-0.03165839833387272,False
db15k,db15k_mhyper_adamf,122,156,26,624,0.28846153846153844,-0.01860117943494452,0.08258234010239517,0.046141626086784654,0.013684484890986753,-0.010379657915717174,False
db15k,db15k_mhyper_adamf,132,84,14,336,0.5476190476190477,-0.0023597579838739572,0.12109145963924767,0.057946465533276814,0.018936972923271206,0.044012694002901316,True
db15k,db15k_mhyper_adamf,134,114,19,456,0.16666666666666666,-0.015786351343454384,-0.08914974041089223,-0.032214519171608905,0.03975595394203223,-0.024611864011862956,False
db15k,db15k_mhyper_adamf,145,90,15,360,0.3888888888888889,-0.010409316350310812,0.1998634936276551,0.09850926553140571,0.020010620209543584,0.006595113193356298,True
db15k,db15k_mhyper_adamf,146,84,14,336,0.32142857142857145,-0.03188062332092414,-0.06782978831486232,0.008163139624962734,-0.03701051750305834,-0.04607073101297774,False
db15k,db15k_mhyper_adamf,152,132,22,528,0.29545454545454547,-0.060362753776319694,0.10623428932646976,0.03342921473112337,0.07100159230536135,-0.0411229877889722,False
db15k,db15k_mhyper_adamf,156,96,16,384,0.052083333333333336,-0.053077497868410935,0.025401416563990316,-0.009660774083134913,0.04862742420324016,-0.06578947368421052,False
db15k,db15k_mhyper_adamf,177,300,50,1200,0.5633333333333334,0.0011624826923725315,-0.019323020018225886,0.012049961935029607,0.008656615794367828,-0.0012251780757727838,False
db15k,db15k_mhyper_adamf,179,66,11,264,0.5303030303030303,0.0006394944336629826,0.06412685144415547,0.10762303109015986,0.0031113975721183407,-0.00018395417581493174,False
db15k,db15k_mhyper_adamf,225,102,17,408,0.058823529411764705,-0.029275527944742124,-0.05039102064413855,-0.014677230790872922,0.017783666333595183,-0.027439024390243892,False
db15k,db15k_mhyper_adamf,226,90,15,360,0.12222222222222222,-0.03407078038850664,-0.03063663439370883,-0.005549948433021021,0.036578418566361376,-0.06028747201096561,False
db15k,db15k_mhyper_adamf,278,6252,1042,25008,0.2578374920025592,-0.007464728466238794,-0.03881134671495886,0.10008316764999861,-0.08306092829437237,-0.0008376658849258298,False
db15k,db15k_native_adamf,0,1746,291,6984,0.4679266895761741,-0.004533178711256205,0.051927822909842346,0.04626338043810946,0.004478717754889727,0.007607615346956212,True
db15k,db15k_native_adamf,1,1506,251,6024,0.43359893758300133,-0.006824935281303833,0.10397553849606538,0.028774633679758133,0.03833456831770257,0.015623273731913318,True
db15k,db15k_native_adamf,2,420,70,1680,0.5333333333333333,0.0010866978760555284,0.0536130916338176,0.0437701558145957,0.020500404324158755,0.010912068875442908,True
db15k,db15k_native_adamf,3,138,23,552,0.35507246376811596,-0.024918201652708118,0.14466781477734134,0.08768202233669092,0.05128541242437763,-0.01583680668516758,False
db15k,db15k_native_adamf,4,144,24,576,0.125,-0.03462944212324807,0.14220975729823498,-0.009574734841839821,0.19103905946618216,0.0022577996715927766,False
db15k,db15k_native_adamf,5,840,140,3360,0.575,-0.0005723812557633414,0.11441373241233115,0.07698736798421746,0.008764073705684272,0.009728178044865279,True
db15k,db15k_native_adamf,6,132,22,528,0.5909090909090909,-0.006978173448318381,-0.11538569195645135,0.03432122895610357,0.018052661826201022,-0.03540317333189025,False
db15k,db15k_native_adamf,7,108,18,432,0.5185185185185185,0.007081893340622826,0.16368072176041062,0.031562812569587706,0.08117771405812946,0.06234439748771952,True
db15k,db15k_native_adamf,8,60,10,240,0.5166666666666667,0.006458012740527954,0.004389076332700739,0.06111907365051511,-0.010336038616291676,0.017582146001502274,False
db15k,db15k_native_adamf,9,96,16,384,0.4583333333333333,-0.00951416274173853,0.09019224092795963,0.017507192221604184,0.04858568077600109,0.010799798335244696,True
db15k,db15k_native_adamf,11,78,13,312,0.5512820512820513,-0.01000809979094053,0.02566019004255648,-0.03664650191811342,0.051513209324089704,0.059595887118197646,False
db15k,db15k_native_adamf,12,3222,537,12888,0.616697703289882,0.0016217813658429398,0.12294279937856899,0.0714169414626018,0.0213146709352596,0.013855155067840573,True
db15k,db15k_native_adamf,13,78,13,312,0.5,0.016335288988406384,-0.03639207868784087,-0.0393159192331905,0.013088497264665738,0.049265782006543656,False
db15k,db15k_native_adamf,14,492,82,1968,0.5223577235772358,-0.004986872462746432,0.11392667060707415,0.08343771886168083,0.056178031039655824,-0.000907114485571866,False
db15k,db15k_native_adamf,17,516,86,2064,0.7228682170542635,-0.0005839540705101671,0.0988173644088393,0.022851167057941657,0.00967463033546384,0.001548330967334789,True
db15k,db15k_native_adamf,18,234,39,936,0.6581196581196581,-0.0043339986544463326,0.050629778210843204,0.020179241454959085,0.0339878898768306,-0.016039355608668544,False
db15k,db15k_native_adamf,19,408,68,1632,0.5980392156862745,-0.0006333823015244002,0.12750145693738357,0.029965186231824537,0.062321657500805094,0.016381210462243376,True
db15k,db15k_native_adamf,20,102,17,408,0.19607843137254902,-0.03576830034928057,0.15068930451095636,0.0029535629873050084,0.11758102041352508,-0.0024970963995354237,False
db15k,db15k_native_adamf,21,648,108,2592,0.3194444444444444,-0.0017152217889091215,0.06226320527681622,0.020961485303443522,0.011051779369692816,-0.0005717204895666306,False
db15k,db15k_native_adamf,23,66,11,264,0.45454545454545453,-0.0027445647060559525,0.07216852363066256,0.06192825833491461,0.04625721626746329,-0.025826563576090786,False
db15k,db15k_native_adamf,25,90,15,360,0.7444444444444445,-0.0066098223473536576,-0.06646210671245441,-0.036446750585593435,0.008414389741104256,-0.03386681143779785,False
db15k,db15k_native_adamf,27,306,51,1224,0.47058823529411764,-0.011463898843257396,0.13902930427198615,0.08818881606081946,0.039537039162821724,0.012233814086671914,True
db15k,db15k_native_adamf,28,354,59,1416,0.6242937853107344,0.007232107139971213,0.18091562549445112,0.11153571512307803,0.03169424786285621,0.04147311125508905,True
db15k,db15k_native_adamf,30,60,10,240,0.43333333333333335,-0.004743672428874292,-0.013350975706956423,0.06693412279705113,-0.0040843552184361975,-0.002918651110238817,False
db15k,db15k_native_adamf,32,78,13,312,0.3974358974358974,-0.00829089076296749,0.07730168884139338,0.11093938657713043,0.040917612579968454,0.024857510133289292,True
db15k,db15k_native_adamf,33,1008,168,4032,0.3472222222222222,-0.01681472865194119,0.120847101089911,0.12182049202796069,0.03274242097421248,-0.007718074400305426,False
db15k,db15k_native_adamf,35,1428,238,5712,0.6190476190476191,0.005163142952383773,0.09428906276411209,0.01917156251268992,0.02677244915820451,0.03352357597439925,True
db15k,db15k_native_adamf,36,234,39,936,0.594017094017094,0.004547955893368112,0.17040454203126584,0.10719664364129688,0.044721087890556815,0.05227565554959699,True
db15k,db15k_native_adamf,37,60,10,240,0.3,-0.005939346466858893,0.18596789022863267,0.13020253356006734,0.12719303579833063,-0.002774832814342714,False
db15k,db15k_native_adamf,39,852,142,3408,0.2664319248826291,-0.007751387782225258,0.06384601496607166,0.04462611427495922,0.01585767776404498,0.004371620875914141,True
db15k,db15k_native_adamf,42,174,29,696,0.5402298850574713,0.0062074020637723215,0.13459159553886862,0.1746654152004491,0.008900603442605098,0.013152774739126979,True
db15k,db15k_native_adamf,43,180,30,720,0.5777777777777777,0.008742784073868198,0.15465161575704067,0.10075872489527882,0.06409410016516603,0.0382596430389969,True
db15k,db15k_native_adamf,44,108,18,432,0.5648148148148148,-0.006110738148845605,-0.26217108910530057,-0.08496266139783226,-0.030081843363618382,-0.07302641365140886,False
db15k,db15k_native_adamf,47,2472,412,9888,0.5449029126213593,-0.00128185213443301,0.05941415757018537,0.03630213129449322,0.03568995421691912,0.002471105984650026,True
db15k,db15k_native_adamf,49,456,76,1824,0.5614035087719298,0.00599656383164202,0.16205003755599934,0.08753894578493088,0.03451060487757188,0.035533001700475596,True
db15k,db15k_native_adamf,50,162,27,648,0.38271604938271603,-0.014579081150076372,-0.04084654548116199,0.0033301497412406844,-0.027103857396439224,-0.021251351643066775,False
db15k,db15k_native_adamf,51,138,23,552,0.4927536231884058,-0.00729531307744137,0.13831512171491692,0.1583168719913446,0.005506145350825109,0.0016547269382324564,True
db15k,db15k_native_adamf,56,84,14,336,0.39285714285714285,0.004858939494470117,-0.015628034825068682,0.06259007699965968,0.028886993482017675,-0.013260206380875618,False
db15k,db15k_native_adamf,61,246,41,984,0.4146341463414634,-0.03638319752894002,0.2345015458304252,0.16153828593997377,0.01631270181533856,0.0013323695199863592,True
db15k,db15k_native_adamf,63,102,17,408,0.35294117647058826,-0.0035869240876814047,0.269797658446785,0.18548528476802778,0.061560227131425005,0.04622375689179715,True
db15k,db15k_native_adamf,64,192,32,768,0.5729166666666666,-0.00254509437599126,0.04367960687802977,0.007852267515741973,0.03575410095914239,0.003555017295597949,True
db15k,db15k_native_adamf,65,342,57,1368,0.48830409356725146,-0.014964332622000436,0.13195457940172595,0.1045385144628852,0.05458725949688509,4.69849415419919e-05,True
db15k,db15k_native_adamf,66,462,77,1848,0.3722943722943723,-0.01991497158647806,0.06920995139970844,0.03133727447809026,0.06133430951232577,-0.009852436638576524,False
db15k,db15k_native_adamf,67,156,26,624,0.21794871794871795,-3.501119414308768e-05,-0.07108650628430561,-0.0298925866569289,0.06503285363725538,-0.008269466923076885,False
db15k,db15k_native_adamf,68,258,43,1032,0.3449612403100775,-0.01834905830763279,0.11189584485723506,0.09344900892046681,0.0201854227671307,-0.0046780885632965435,False
db15k,db15k_native_adamf,69,126,21,504,0.3412698412698413,-0.0037003751678070444,0.0472605853692056,0.03893426777028852,0.008114092320881838,-0.012111944538149379,False
db15k,db15k_native_adamf,71,72,12,288,0.4027777777777778,0.00463566131000709,-0.04401996162178418,-0.0026028369174832533,-0.016158166427356305,-0.042454894843599864,False
db15k,db15k_native_adamf,72,96,16,384,0.34375,-0.009976381601121201,0.22326542647167366,0.23222891445865468,0.045389233865058665,-0.011518215590143996,False
db15k,db15k_native_adamf,73,3558,593,14232,0.6871838111298483,-0.0028193915742418664,0.038677142049646965,0.023475833683940017,0.007171336946038831,-0.0037768055325949246,False
db15k,db15k_native_adamf,74,132,22,528,0.4772727272727273,-0.005874320210028355,0.0024844747558038878,0.020123147746437364,-0.025437929932487197,0.002935896206558928,False
db15k,db15k_native_adamf,75,102,17,408,0.23529411764705882,-0.02083890128633597,0.11287715026284238,0.08501974838849724,0.027924582811624243,-0.03979858559069077,False
db15k,db15k_native_adamf,76,1104,184,4416,0.4846014492753623,-0.007231743357773641,0.09740669768854003,0.034854415999459376,0.040870627683778527,0.00849701282804269,True
db15k,db15k_native_adamf,78,96,16,384,0.09375,-0.018329189618252115,0.06615875034774424,-0.012835521433058564,0.04626498432655779,-0.0035087719298245576,False
db15k,db15k_native_adamf,79,78,13,312,0.41025641025641024,0.004470090150379962,0.20239149056647068,0.08050423131863554,0.10247042886355615,0.019057656755097865,True
db15k,db15k_native_adamf,80,378,63,1512,0.4973544973544973,-0.009773408266996108,-0.11335648059740266,-0.04536126665860657,-0.003483988685685946,-0.018343005732523794,False
db15k,db15k_native_adamf,81,498,83,1992,0.5662650602409639,0.010671178020249066,0.0492246366299905,0.03336395554689142,0.009921896713121381,0.031185875963743892,True
db15k,db15k_native_adamf,82,114,19,456,0.23684210526315788,-0.028116726098620745,0.038510918752155204,0.1293030332312245,-0.036117938104902936,-0.003467951360166497,False
db15k,db15k_native_adamf,83,144,24,576,0.2569444444444444,-0.02419680837045889,0.06928129898951317,0.010356094535957594,0.03811903756226431,-0.02870689665134544,False
db15k,db15k_native_adamf,84,96,16,384,0.46875,-0.006273480507458205,0.05863104299643868,0.03050085125288704,0.050537770978193425,-0.038474087826614274,False
db15k,db15k_native_adamf,87,1260,210,5040,0.5301587301587302,-0.0031264424093722268,0.033761997575509774,0.03552911280323362,0.011043584692557507,-0.01172258951161837,False
db15k,db15k_native_adamf,89,1284,214,5136,0.5996884735202492,0.0008685108097695385,0.003182530850005499,0.009086558190229077,0.02016704231114036,0.0010097065215072933,True
db15k,db15k_native_adamf,90,1110,185,4440,0.209009009009009,-0.028014869747294634,0.1804381826607238,0.09969999409354585,0.09213035599316913,-0.0013252324863216468,False
db15k,db15k_native_adamf,91,1056,176,4224,0.16382575757575757,-0.03708965984208596,0.2077851875102297,0.10111928204360177,0.07756444533161178,-0.01252956904520912,False
db15k,db15k_native_adamf,92,168,28,672,0.2261904761904762,-0.019929753093997297,0.08278517103798079,0.0645712773158251,0.019215486361392406,-0.028920302580699032,False
db15k,db15k_native_adamf,95,726,121,2904,0.43112947658402206,-0.011697707364102066,0.08146395590831579,0.06530394103996628,0.031024698757635333,0.0012177605328888752,True
db15k,db15k_native_adamf,97,234,39,936,0.41025641025641024,-0.002078037422769296,0.10807460664915415,0.042600879750961995,0.08642210344983148,0.004093555210374764,True
db15k,db15k_native_adamf,98,126,21,504,0.373015873015873,-0.00552231510700347,-0.05586284782602286,0.017173780520122306,0.0229687068408696,-0.010793265610779135,False
db15k,db15k_native_adamf,99,150,25,600,0.4066666666666667,-0.014783231652457646,0.048928451858311,0.02346774384636341,0.047866100593889516,-0.021536388545531485,False
db15k,db15k_native_adamf,100,78,13,312,0.6794871794871795,-0.01724180749709567,-0.03906795123121011,-0.04112571332225623,0.007422000976096466,-0.011030944778435452,False
db15k,db15k_native_adamf,102,678,113,2712,0.2920353982300885,-0.024589894831159545,0.08638898189026892,0.0860380141242606,0.017952665639895865,-0.01256971900235744,False
db15k,db15k_native_adamf,103,528,88,2112,0.42803030303030304,-0.013221835111973576,0.03750392489871871,0.04410087779252608,0.03509629737491085,-0.012891984281446445,False
db15k,db15k_native_adamf,104,768,128,3072,0.3515625,-0.012520558769673507,0.08686443944221736,0.0674239043895456,-0.013881729197653306,0.002890908585838204,False
db15k,db15k_native_adamf,105,576,96,2304,0.2152777777777778,-0.027698071769265933,0.0737280816376958,0.03861940658590782,0.011922890077204151,-0.03214024124626711,False
db15k,db15k_native_adamf,106,126,21,504,0.4444444444444444,0.001594433942709582,0.019646191189437088,0.1032612332249157,-0.010899006539767359,0.013710162598842592,False
db15k,db15k_native_adamf,108,138,23,552,0.6739130434782609,-0.00806976828878459,0.0937529356003595,0.0009795401965136952,0.03486835529720661,0.010085354896756339,True
db15k,db15k_native_adamf,110,204,34,816,0.18137254901960784,-0.00038065541053833605,0.07398514083408578,0.03005379306220378,0.06297732549462243,0.007584412626512908,True
db15k,db15k_native_adamf,111,840,140,3360,0.44166666666666665,-0.011112333304818815,0.13239207949756876,0.12279480352814487,0.005004333089069002,-0.00031919271093495104,False
db15k,db15k_native_adamf,113,90,15,360,0.4888888888888889,0.004159799519331302,0.12124954155554318,0.10479081492021997,0.02912452711443078,0.046930088165976026,True
db15k,db15k_native_adamf,117,474,79,1896,0.25316455696202533,-0.012333019623233582,0.002453489393457979,-0.0021200111075017347,0.030054675393383135,-0.013587941404578965,False
db15k,db15k_native_adamf,122,156,26,624,0.46153846153846156,-0.008662557066267378,0.14293692510664754,0.07336997195732303,0.01341873422744888,0.03540743009800311,True
db15k,db15k_native_adamf,132,84,14,336,0.6904761904761905,0.00818783838752006,0.05600023418501898,-0.009871479494221735,0.028533450909371455,0.018365374147994648,False
db15k,db15k_native_adamf,134,114,19,456,0.16666666666666666,-0.010228976999847704,-0.02921406260265849,-0.02088572595579248,0.04060533088468016,-0.025414078674948243,False
db15k,db15k_native_adamf,145,90,15,360,0.4,-0.016432189897631542,0.045872490846633945,-0.012545343187352953,0.04088748609405518,0.005821707391907773,False
db15k,db15k_native_adamf,146,84,14,336,0.4523809523809524,-0.009307500206386026,0.10377299485801655,0.09843855052877382,0.04728993852755134,0.016421114348704996,True
db15k,db15k_native_adamf,152,132,22,528,0.3787878787878788,-0.04356434009568699,0.33585527358067196,0.29293767904946105,0.029993719430437604,0.0010955213180377401,True
db15k,db15k_native_adamf,156,96,16,384,0.1875,-0.019431597927622866,0.1425172967623787,0.016456435579661338,0.07716418864693836,0.026881686757431113,True
db15k,db15k_native_adamf,177,300,50,1200,0.7066666666666667,0.0035864180399615957,0.11992542352689542,0.03822563936851331,0.024817034577230668,0.015383394563833756,True
db15k,db15k_native_adamf,179,66,11,264,0.7575757575757576,0.0018582278425452097,0.2650750821360875,0.09176802618335178,0.09809114205648842,0.024245539469380333,True
db15k,db15k_native_adamf,225,102,17,408,0.13725490196078433,-0.051840426604928734,0.09078615006675832,0.017005682509991737,0.10088307718686737,-0.04122912903400708,False
db15k,db15k_native_adamf,226,90,15,360,0.14444444444444443,-0.030568925651564122,0.1342301629968234,0.0675259629980532,0.05607980948054017,-0.014850153081542139,False
db15k,db15k_native_adamf,278,6252,1042,25008,0.3603646833013436,-0.005408675590349354,0.009272821488566382,0.000740819058722253,-0.016489638099335624,-0.009159474999438246,False
