dataset,pair_id,subgroup_type,subgroup_value,n_rows,spearman,positive_prevalence,positive_auprc,positive_auprc_lift,harmful_prevalence,harmful_auprc,harmful_auprc_lift,top_10pct_actual_mean_u,top_10pct_positive_rate,top_10pct_harmful_rate,h1_style_pass
mkg_w,mkgw_mhyper_native,direction,head,102624,0.20828858504220515,0.3577233395696913,0.4441801732320113,0.08645683366231999,0.388992828188338,0.4635185949452503,0.07452576675691225,0.0027369094093792545,0.4972714870395634,0.2567725589553693,True
mkg_w,mkgw_mhyper_native,direction,tail,102624,0.2260372084879133,0.19482772061116307,0.3045402100925558,0.1097124894813927,0.21803866541939507,0.34547217472462316,0.1274335093052281,0.006995288849251836,0.3778015981290197,0.16205418047164297,True
mkg_w,mkgw_mhyper_native,seed,1,68416,0.20594526067250116,0.2746872076707203,0.3603785399232379,0.08569133225251757,0.30234155753040226,0.3852712651671709,0.08292970763676866,0.005555831721786082,0.4049985384390529,0.19789535223618826,True
mkg_w,mkgw_mhyper_native,seed,2,68416,0.21979951375592602,0.2765727315247895,0.3733732572514136,0.09680052572662412,0.3059810570626754,0.3905581801917263,0.08457712312905086,0.0053411042439585775,0.4288219818766443,0.19117217187956737,True
mkg_w,mkgw_mhyper_native,seed,3,68416,0.21436991539730954,0.2775666510757718,0.365992917535141,0.08842626645936924,0.302224625818522,0.3897898476036713,0.0875652217851493,0.004412061440794034,0.4140602163110202,0.1977491961414791,True
mkg_w,mkgw_mhyper_adamf,direction,head,51312,0.1315278484516245,0.5505339881509199,0.6235109111279785,0.0729769229770586,0.20088868101029,0.2023217420852309,0.0014330610749409,-0.0020581628518409763,0.6503605534983434,0.18865718183589944,False
mkg_w,mkgw_mhyper_adamf,direction,tail,51312,0.13212908226130568,0.2916861552853134,0.3894032283554715,0.09771707307015809,0.1213946055503586,0.13681026415708128,0.015415658606722685,0.0035931298593374025,0.46248294679399726,0.1243422334827519,True
mkg_w,mkgw_mhyper_adamf,seed,1,34208,0.14674280070484103,0.4186739943872778,0.5085471398518864,0.08987314546460856,0.16569223573433114,0.16948285517621275,0.0037906194418816097,-0.001332312209958794,0.5521777258111663,0.1584332066647179,False
mkg_w,mkgw_mhyper_adamf,seed,2,34208,0.14374448500103812,0.42323433115060805,0.524031750279782,0.10079741912917395,0.15616230121608982,0.15456324991387752,-0.001599051302212301,0.002339685447484017,0.5776088862905583,0.15375621163402514,False
mkg_w,mkgw_mhyper_adamf,seed,3,34208,0.13713424848604835,0.421421889616464,0.5046908167740219,0.08326892715755796,0.16157039289055192,0.1690804179114063,0.007510025020854377,0.0011928190060395384,0.5372698041508331,0.15638702133878982,True
mkg_w,mkgw_native_adamf,direction,head,64140,0.02828182623852093,0.3556439039600873,0.3622334633870912,0.006589559427003899,0.40519176800748363,0.3973533334345466,-0.007838434572937036,-0.004897406764135721,0.3515746803866542,0.36435921421889617,False
mkg_w,mkgw_native_adamf,direction,tail,64140,0.024031783378571286,0.22527284066105394,0.22596469172615413,0.0006918510651001963,0.2202837542874961,0.2278887635361558,0.0076050092486597,-0.0013814637571839487,0.21297162457125038,0.17227938883691923,False
mkg_w,mkgw_native_adamf,seed,1,42760,0.0328432114789841,0.30011693171188025,0.31252362407059914,0.012406692358718885,0.30778765201122543,0.30382847397987683,-0.003959178031348598,-0.0028548121992118445,0.3068288119738073,0.2775958840037418,False
mkg_w,mkgw_native_adamf,seed,2,42760,0.004780986778342948,0.27666043030869975,0.27169561215526983,-0.004964818153429917,0.31934050514499535,0.312417137679177,-0.006923367465818342,-0.0062124304769385205,0.24275023386342376,0.27104770813844714,False
mkg_w,mkgw_native_adamf,seed,3,42760,0.03167259819625874,0.2945977549111319,0.30379011066676626,0.009192355755634374,0.31108512628624885,0.30878089251249424,-0.002304233773754605,-0.000718902628904594,0.2916276894293732,0.26637043966323665,False
db15k,db15k_mhyper_native,direction,head,95064,0.02898744335738191,0.42116889674324665,0.4329346444468357,0.011765747703589069,0.2527981149541362,0.2521958403577905,-0.0006022745963456533,1.8052761602665228e-06,0.4168945928887019,0.2154428781822007,False
db15k,db15k_mhyper_native,direction,tail,95064,0.041784432359971924,0.23940713624505597,0.2558612765637871,0.01645414031873113,0.1278717495581924,0.1454516369855814,0.017579887427389,-0.0017103594503734712,0.2682516305491269,0.10908899642331159,False
db15k,db15k_mhyper_native,seed,1,63376,0.049136446864450754,0.3203420853319869,0.3447071170172311,0.02436503168524423,0.1976931330472103,0.19955166456392004,0.0018585315167097272,-0.0010565395698564628,0.34553486904386244,0.1593562638056169,False
db15k,db15k_mhyper_native,seed,2,63376,0.009743587032799823,0.32748990154001517,0.33422687395132766,0.006736972411312492,0.17937389548093916,0.17758476818169416,-0.0017891272992449914,-0.0013235427359070456,0.320132533922373,0.1522562322499211,False
db15k,db15k_mhyper_native,seed,3,63376,0.05830558006270574,0.3430320626104519,0.37313217471227117,0.030100112101819287,0.19393776824034334,0.19642454999893502,0.002486781758591683,0.0002776633532895021,0.36935941937519723,0.17986746607762702,True
db15k,db15k_mhyper_adamf,direction,head,95064,0.054534362634709344,0.43762097113523524,0.48300431981367975,0.04538334867844451,0.2666624589750063,0.25022649762363147,-0.016435961351374817,-0.0025461751879319425,0.47832947612034504,0.3398905954134231,False
db15k,db15k_mhyper_adamf,direction,tail,95064,0.09999246920969113,0.2560695952200623,0.32693347368491554,0.07086387846485326,0.1554847260792729,0.18200786140665517,0.026523135327382263,-0.00724193683531924,0.3864927414264675,0.1684199452977067,False
db15k,db15k_mhyper_adamf,seed,1,63376,0.08122369296574082,0.33500063115374906,0.40093757414438524,0.06593694299063618,0.21825296642262054,0.213539501975459,-0.004713464447161531,-0.006723209429508524,0.42742189965288735,0.25055222467655414,False
db15k,db15k_mhyper_adamf,seed,2,63376,0.08333499202122718,0.3530358495329462,0.4216387991844794,0.06860294965153318,0.2103162080282757,0.2082255680298538,-0.002090639998421878,-0.0037107148639305395,0.45045755758914485,0.2669611864941622,False
db15k,db15k_mhyper_adamf,seed,3,63376,0.08613154423514802,0.35249936884625094,0.4230065594423521,0.07050719059610117,0.2046516031305226,0.20287894490662206,-0.0017726582239005473,-0.0024470480084436827,0.4551909119596087,0.27784790154622907,False
db15k,db15k_native_adamf,direction,head,95064,0.0863034556112326,0.4664015820920643,0.5224616775820395,0.05606009548997526,0.2673356896406631,0.2707276215763123,0.003391931935649184,-0.002046338403237208,0.5440774247843467,0.2386913528297917,False
db15k,db15k_native_adamf,direction,tail,95064,0.12633276708362484,0.33575275603803756,0.4356768452004146,0.09992408916237705,0.1538542455608853,0.16571962189743794,0.01186537633655263,0.004958145484909445,0.5169366715758469,0.164317273301073,True
db15k,db15k_native_adamf,seed,1,63376,0.10613108612079873,0.40622633173441053,0.47289918994894975,0.06667285821453922,0.20416245897500632,0.21252199875032762,0.008359539775321306,0.0021628815901314656,0.5119911644051751,0.17434521931208583,True
db15k,db15k_native_adamf,seed,2,63376,0.12050278817742849,0.4074728603887907,0.4823829701413756,0.07491010975258489,0.2243436001009846,0.24132191263845842,0.01697831253747381,0.0026570719021762304,0.5392868412748502,0.20179867466077628,True
db15k,db15k_native_adamf,seed,3,63376,0.08985505345813025,0.3895323150719515,0.4487069435110333,0.05917462843908178,0.20327884372633173,0.2042895244734838,0.0010106807471520762,0.0023495590614910195,0.4826443673082991,0.17308299147996214,True
