dataset,pair_id,global_alpha,alpha,delta_alpha,mean_utility,positive_rate,zero_rate,negative_rate
db15k,db15k_mhyper_adamf,1.0,0.0,-1.0,-0.09056914096501018,0.29108810906336785,0.181078010603383,0.5278338803332492
db15k,db15k_mhyper_adamf,1.0,0.05,-0.95,-0.08134425473753694,0.3033956071699066,0.19189177817049566,0.5047126146595977
db15k,db15k_mhyper_adamf,1.0,0.1,-0.9,-0.0729897944374548,0.31524025919380627,0.20224269965496927,0.48251704115122446
db15k,db15k_mhyper_adamf,1.0,0.15,-0.85,-0.0656917016492672,0.32474964234620884,0.21305646722208196,0.46219389043170916
db15k,db15k_mhyper_adamf,1.0,0.2,-0.8,-0.05951819150963691,0.33377514095767064,0.2249431961625852,0.4412816628797442
db15k,db15k_mhyper_adamf,1.0,0.25,-0.75,-0.05402324953614615,0.34153833207102585,0.23544138685517124,0.4230202810738029
db15k,db15k_mhyper_adamf,1.0,0.3,-0.7,-0.04984711488904497,0.3478709080198603,0.24614996213077506,0.40597912984936463
db15k,db15k_mhyper_adamf,1.0,0.35,-0.65,-0.04609830307412364,0.3547715223428427,0.2562273836573256,0.3890010939998317
db15k,db15k_mhyper_adamf,1.0,0.4,-0.6,-0.04181738827337529,0.36011529075149373,0.26834553563914837,0.3715391736093579
db15k,db15k_mhyper_adamf,1.0,0.45,-0.55,-0.03863527838347487,0.3658587898678785,0.2790541109147522,0.35508709921736936
db15k,db15k_mhyper_adamf,1.0,0.5,-0.5,-0.03606377470191909,0.3701506353614407,0.2907725321888412,0.3390768324497181
db15k,db15k_mhyper_adamf,1.0,0.55,-0.44999999999999996,-0.03336735630992507,0.373032904148784,0.3035849532946226,0.3233821425565935
db15k,db15k_mhyper_adamf,1.0,0.6,-0.4,-0.029716434631009127,0.37423209627198517,0.32028948918623246,0.3054784145417824
db15k,db15k_mhyper_adamf,1.0,0.65,-0.35,-0.02905135230043023,0.3736430194395355,0.3324076411680552,0.2939493393924093
db15k,db15k_mhyper_adamf,1.0,0.7,-0.30000000000000004,-0.025325793383142628,0.373032904148784,0.3513212151813515,0.2756458806698645
db15k,db15k_mhyper_adamf,1.0,0.75,-0.25,-0.021977882605922094,0.3689304047799377,0.37416898089707984,0.2569006143229824
db15k,db15k_mhyper_adamf,1.0,0.8,-0.19999999999999996,-0.01828179087562097,0.363839097870908,0.39914163090128757,0.23701927122780442
db15k,db15k_mhyper_adamf,1.0,0.85,-0.15000000000000002,-0.013152011599359737,0.35578136834132795,0.4315198182277203,0.2126988134309518
db15k,db15k_mhyper_adamf,1.0,0.9,-0.09999999999999998,-0.008496039321582442,0.34023394765631576,0.4761634267440882,0.18360262559959606
db15k,db15k_mhyper_adamf,1.0,0.95,-0.050000000000000044,-0.0041945030684911256,0.31027518303458723,0.5416982243541193,0.14802659261129344
db15k,db15k_mhyper_adamf,1.0,1.0,0.0,0.0,0.0,1.0,0.0
db15k,db15k_mhyper_native,1.0,0.0,-1.0,-0.0615650947449738,0.28033745687116046,0.22147185054279223,0.4981906925860473
db15k,db15k_mhyper_native,1.0,0.05,-0.95,-0.0507881486484577,0.2960111083059833,0.2340949255238576,0.46989396617015905
db15k,db15k_mhyper_native,1.0,0.1,-0.9,-0.04264104887643314,0.3090970293696878,0.24686526971303543,0.4440377009172768
db15k,db15k_mhyper_native,1.0,0.15,-0.85,-0.03589240156645128,0.32087856601868214,0.2584995371539174,0.4206218968274005
db15k,db15k_mhyper_native,1.0,0.2,-0.8,-0.031056831534262582,0.3312926028780611,0.2698603046368762,0.39884709248506267
db15k,db15k_mhyper_native,1.0,0.25,-0.75,-0.026261677375063977,0.34017083228141043,0.28155768745266346,0.3782714802659261
db15k,db15k_mhyper_native,1.0,0.3,-0.7,-0.02291040222671682,0.34757636960363547,0.2927922241858117,0.3596314062105529
db15k,db15k_mhyper_native,1.0,0.35,-0.65,-0.02025334395576977,0.35325675334511486,0.30261718421274086,0.3441260624421442
db15k,db15k_mhyper_native,1.0,0.4,-0.6,-0.018122538428211783,0.35742236808886646,0.31500883615248676,0.3275687957586468
db15k,db15k_mhyper_native,1.0,0.45,-0.55,-0.016197897879356826,0.3612724059580914,0.3257594883446941,0.3129681056972145
db15k,db15k_mhyper_native,1.0,0.5,-0.5,-0.014647922030383531,0.363186905663553,0.3376251788268956,0.2991879155095515
db15k,db15k_mhyper_native,1.0,0.55,-0.44999999999999996,-0.012633981655400785,0.36478582849448793,0.35041656147437517,0.2847976100311369
db15k,db15k_mhyper_native,1.0,0.6,-0.4,-0.011526037439943602,0.3655221745350501,0.3630817133720441,0.2713961120929058
db15k,db15k_mhyper_native,1.0,0.65,-0.35,-0.010406972280657586,0.3653328284103341,0.3767146343515947,0.2579525372380712
db15k,db15k_mhyper_native,1.0,0.7,-0.30000000000000004,-0.008735884027619335,0.36179836741563576,0.3961120929058319,0.24208953967853236
db15k,db15k_mhyper_native,1.0,0.75,-0.25,-0.006256880093691779,0.35750652192207355,0.4173609357906253,0.22513254228730117
db15k,db15k_mhyper_native,1.0,0.8,-0.19999999999999996,-0.0051133900808235724,0.3490701001430615,0.4417024320457797,0.2092274678111588
db15k,db15k_mhyper_native,1.0,0.85,-0.15000000000000002,-0.0036803785305979317,0.3381932172010435,0.4702095430446857,0.19159723975427081
db15k,db15k_mhyper_native,1.0,0.9,-0.09999999999999998,-0.001978104217098611,0.32201464276697805,0.5089834216948582,0.16900193553816376
db15k,db15k_mhyper_native,1.0,0.95,-0.050000000000000044,-0.0010374244104805327,0.2882689556509299,0.570710258352268,0.14102078599680215
db15k,db15k_mhyper_native,1.0,1.0,0.0,0.0,0.0,1.0,0.0
db15k,db15k_native_adamf,1.0,0.0,-1.0,-0.029004046220036387,0.3942396701169738,0.189703778507111,0.4160565513759152
db15k,db15k_native_adamf,1.0,0.05,-0.95,-0.02734132074529298,0.3971850542792224,0.19508962383236556,0.40772532188841204
db15k,db15k_native_adamf,1.0,0.1,-0.9,-0.026222357913810824,0.39975174619203907,0.20121181519818226,0.39903643860977867
db15k,db15k_native_adamf,1.0,0.15,-0.85,-0.024680459498270326,0.40286543802070185,0.20651350669022975,0.39062105528906843
db15k,db15k_native_adamf,1.0,0.2,-0.8,-0.023719480951188414,0.4049692838508794,0.2129302364722713,0.3821004796768493
db15k,db15k_native_adamf,1.0,0.25,-0.75,-0.022304832268237065,0.4070941681393587,0.22060927375241943,0.3722965581082218
db15k,db15k_native_adamf,1.0,0.3,-0.7,-0.02104053709432794,0.41075485988386773,0.22658419591012371,0.3626609442060086
db15k,db15k_native_adamf,1.0,0.35,-0.65,-0.019515154913064825,0.4129849364638559,0.23510477152234285,0.35191029201380125
db15k,db15k_native_adamf,1.0,0.4,-0.6,-0.01767361234525007,0.4153412437936548,0.2436884625094673,0.34097029369687787
db15k,db15k_native_adamf,1.0,0.45,-0.55,-0.015070409301745039,0.4195699739123117,0.25281915341243794,0.32761087267525035
db15k,db15k_native_adamf,1.0,0.5,-0.5,-0.013543445923749182,0.42135824286796264,0.26249684423125474,0.3161449129007826
db15k,db15k_native_adamf,1.0,0.55,-0.44999999999999996,-0.012118470424631623,0.423483127156442,0.27343684254817807,0.30308003029537994
db15k,db15k_native_adamf,1.0,0.6,-0.4,-0.010995870999623672,0.42480855002945384,0.2835773794496339,0.2916140705209122
db15k,db15k_native_adamf,1.0,0.65,-0.35,-0.010318862385673982,0.4260498190692586,0.29548514684843896,0.27846503408230244
db15k,db15k_native_adamf,1.0,0.7,-0.30000000000000004,-0.01029559762521837,0.4239038963224775,0.3118951443238239,0.2642009593536986
db15k,db15k_native_adamf,1.0,0.75,-0.25,-0.00987644822052673,0.4201169738281579,0.3303879491710847,0.24949507700075738
db15k,db15k_native_adamf,1.0,0.8,-0.19999999999999996,-0.009228647759959428,0.41584616679289743,0.3504586383909787,0.23369519481612389
db15k,db15k_native_adamf,1.0,0.85,-0.15000000000000002,-0.007726010270262293,0.40776739880501556,0.3793234031810149,0.21290919801396954
db15k,db15k_native_adamf,1.0,0.9,-0.09999999999999998,-0.005781084737998657,0.39506016999074306,0.4146469746696962,0.19029285533956072
db15k,db15k_native_adamf,1.0,0.95,-0.050000000000000044,-0.0031360026590734175,0.36949844315408564,0.4763106959522006,0.1541908608937137
db15k,db15k_native_adamf,1.0,1.0,0.0,0.0,0.0,1.0,0.0
mkg_w,mkgw_mhyper_adamf,1.0,0.0,-1.0,-0.06307466761121144,0.36174773932023696,0.19847209229809792,0.4397801683816651
mkg_w,mkgw_mhyper_adamf,1.0,0.05,-0.95,-0.051952261333143596,0.3780792017461802,0.21160742126598067,0.4103133769878391
mkg_w,mkgw_mhyper_adamf,1.0,0.1,-0.9,-0.04508700017365588,0.3900841908325538,0.22158559401309635,0.38833021515434984
mkg_w,mkgw_mhyper_adamf,1.0,0.15,-0.85,-0.03953676914213004,0.4025958840037418,0.23062831306516995,0.36677580293108825
mkg_w,mkgw_mhyper_adamf,1.0,0.2,-0.8,-0.03582794209521718,0.4122622388525101,0.23861864671032118,0.3491191144371687
mkg_w,mkgw_mhyper_adamf,1.0,0.25,-0.75,-0.031507010794387696,0.42083723105706267,0.24941534144059868,0.32974742750233865
mkg_w,mkgw_mhyper_adamf,1.0,0.3,-0.7,-0.029657602988168236,0.42754131587153105,0.25592454006859994,0.316534144059869
mkg_w,mkgw_mhyper_adamf,1.0,0.35,-0.65,-0.02806718321852669,0.4338556283130652,0.2643436233239788,0.301800748362956
mkg_w,mkgw_mhyper_adamf,1.0,0.4,-0.6,-0.026457025375331754,0.43798721546616776,0.2745946367321484,0.28741814780168384
mkg_w,mkgw_mhyper_adamf,1.0,0.45,-0.55,-0.02480611805569378,0.4416120985344559,0.2842609915809167,0.2741269098846274
mkg_w,mkgw_mhyper_adamf,1.0,0.5,-0.5,-0.024438473750245673,0.4428983473651388,0.2913938260056127,0.2657078266292485
mkg_w,mkgw_mhyper_adamf,1.0,0.55,-0.44999999999999996,-0.02219898022434878,0.44371686934830057,0.30316495166822577,0.25311817898347366
mkg_w,mkgw_mhyper_adamf,1.0,0.6,-0.4,-0.02008844743376955,0.44473027751792954,0.31598846273776116,0.23928125974430933
mkg_w,mkgw_mhyper_adamf,1.0,0.65,-0.35,-0.017812998150567687,0.4463283442469598,0.3279154973495479,0.22575615840349236
mkg_w,mkgw_mhyper_adamf,1.0,0.7,-0.30000000000000004,-0.015888949524477784,0.4446913002806361,0.3438571874025569,0.21145151231680698
mkg_w,mkgw_mhyper_adamf,1.0,0.75,-0.25,-0.013062030093436313,0.4407156220767072,0.36077330838790145,0.19851106953539133
mkg_w,mkgw_mhyper_adamf,1.0,0.8,-0.19999999999999996,-0.010113187789447352,0.43740255690676644,0.38193794823822885,0.18065949485500468
mkg_w,mkgw_mhyper_adamf,1.0,0.85,-0.15000000000000002,-0.00810919747323367,0.42793108824446524,0.4062987215466168,0.165770190208918
mkg_w,mkgw_mhyper_adamf,1.0,0.9,-0.09999999999999998,-0.004622104171097451,0.41456189585282194,0.44515902712815714,0.1402790770190209
mkg_w,mkgw_mhyper_adamf,1.0,0.95,-0.050000000000000044,-0.0023485925344811586,0.387784533832242,0.5000389772372934,0.11217648893046461
mkg_w,mkgw_mhyper_adamf,1.0,1.0,0.0,0.0,0.0,1.0,0.0
mkg_w,mkgw_mhyper_native,0.6,0.0,-0.6,-0.02791307379833032,0.3914873713751169,0.2687480511381353,0.33976457748674777
mkg_w,mkgw_mhyper_native,0.6,0.05,-0.5499999999999999,-0.013919830609997932,0.4049345182413471,0.29525257249766135,0.2998129092609916
mkg_w,mkgw_mhyper_native,0.6,0.1,-0.5,-0.009214191395478695,0.4152634861241035,0.3074134705332086,0.27732304334268787
mkg_w,mkgw_mhyper_native,0.6,0.15,-0.44999999999999996,-0.005928616913800184,0.4233317742438416,0.3191456189585282,0.25752260679763017
mkg_w,mkgw_mhyper_native,0.6,0.2,-0.39999999999999997,-0.003499642794857235,0.4280480199563455,0.3317352666043031,0.24021671343935141
mkg_w,mkgw_mhyper_native,0.6,0.25,-0.35,-0.0018084768023256383,0.43420642344870597,0.3420642344870596,0.22372934206423448
mkg_w,mkgw_mhyper_native,0.6,0.3,-0.3,-0.0016984836289287535,0.435414717804802,0.3559401309635173,0.2086451512316807
mkg_w,mkgw_mhyper_native,0.6,0.35,-0.25,-0.001375175777835732,0.4344792641097599,0.3693093233551606,0.1962114125350795
mkg_w,mkgw_mhyper_native,0.6,0.4,-0.19999999999999996,-0.001107676166721467,0.4321016526348612,0.38388681010289993,0.18401153726223884
mkg_w,mkgw_mhyper_native,0.6,0.45,-0.14999999999999997,-0.001284308460175728,0.42231836607421264,0.4059869036482694,0.17169473027751794
mkg_w,mkgw_mhyper_native,0.6,0.5,-0.09999999999999998,-0.0008317240217513755,0.4092999688182102,0.43401153726223884,0.15668849391955098
mkg_w,mkgw_mhyper_native,0.6,0.55,-0.04999999999999993,-0.00016796844589378582,0.3816651075771749,0.48023854069223576,0.13809635173058935
mkg_w,mkgw_mhyper_native,0.6,0.6,0.0,0.0,0.0,1.0,0.0
mkg_w,mkgw_mhyper_native,0.6,0.65,0.050000000000000044,-0.0008298237098465811,0.12574056750857499,0.4849158091674462,0.3893436233239788
mkg_w,mkgw_mhyper_native,0.6,0.7,0.09999999999999998,-0.0007463413621002135,0.13770657935765512,0.44063766760212036,0.4216557530402245
mkg_w,mkgw_mhyper_native,0.6,0.75,0.15000000000000002,-0.0006570680866890932,0.14238384783286562,0.41682257561584035,0.44079357655129403
mkg_w,mkgw_mhyper_native,0.6,0.8,0.20000000000000007,-0.0011333666675569965,0.14394293732460242,0.4020112254443405,0.45404583723105707
mkg_w,mkgw_mhyper_native,0.6,0.85,0.25,-0.001401109697081335,0.14487839101964453,0.3888369192391643,0.46628468974119114
mkg_w,mkgw_mhyper_native,0.6,0.9,0.30000000000000004,-0.002098982748476814,0.14433270969753664,0.3800280636108513,0.47563922669161207
mkg_w,mkgw_mhyper_native,0.6,0.95,0.35,-0.0024374692133259904,0.14409884627377612,0.3723495478640474,0.4835516058621765
mkg_w,mkgw_mhyper_native,0.6,1.0,0.4,-0.0035340921049221573,0.14133146242594324,0.3638914873713751,0.49477705020268165
mkg_w,mkgw_native_adamf,0.95,0.0,-0.95,-0.04510799198403154,0.2752182725288432,0.21616775802931087,0.508613969441846
mkg_w,mkgw_native_adamf,0.95,0.05,-0.8999999999999999,-0.040352410743857585,0.2793108824446523,0.22419706891175553,0.49649204864359214
mkg_w,mkgw_native_adamf,0.95,0.1,-0.85,-0.03691092584465266,0.283637355784222,0.2311350171499844,0.4852276270657936
mkg_w,mkgw_native_adamf,0.95,0.15,-0.7999999999999999,-0.03379614084984263,0.28815871531025883,0.23694262550670409,0.4748986591830371
mkg_w,mkgw_native_adamf,0.95,0.2,-0.75,-0.03125244171191813,0.29252416588712193,0.24232148425319613,0.46515434985968196
mkg_w,mkgw_native_adamf,0.95,0.25,-0.7,-0.02836504213705791,0.2960321172435298,0.24949329591518554,0.45447458684128467
mkg_w,mkgw_native_adamf,0.95,0.3,-0.6499999999999999,-0.025706425967644896,0.301800748362956,0.2526114748986592,0.4455877767383848
mkg_w,mkgw_native_adamf,0.95,0.35,-0.6,-0.02372471332649094,0.30519176800748365,0.25931555971312753,0.4354926722793888
mkg_w,mkgw_native_adamf,0.95,0.4,-0.5499999999999999,-0.021052298537617246,0.3084268787028375,0.26796850639226694,0.42360461490489554
mkg_w,mkgw_native_adamf,0.95,0.45,-0.49999999999999994,-0.018749085622014963,0.3124415341440599,0.27482850015590893,0.4127299657000312
mkg_w,mkgw_native_adamf,0.95,0.5,-0.44999999999999996,-0.017211131950088058,0.31368880573744934,0.2843389460555036,0.4019722482070471
mkg_w,mkgw_native_adamf,0.95,0.55,-0.3999999999999999,-0.014802586959558814,0.31470221390707825,0.2945899594636732,0.3907078266292485
mkg_w,mkgw_native_adamf,0.95,0.6,-0.35,-0.01265270158509114,0.3172357343311506,0.30222949797318366,0.38053476769566574
mkg_w,mkgw_native_adamf,0.95,0.65,-0.29999999999999993,-0.011366889852713584,0.3178203928905519,0.31400062363579667,0.3681789834736514
mkg_w,mkgw_native_adamf,0.95,0.7,-0.25,-0.009724821465422504,0.314585282195198,0.3317352666043031,0.35367945120049893
mkg_w,mkgw_native_adamf,0.95,0.75,-0.19999999999999996,-0.008434856487897194,0.3124805113813533,0.34752104770813846,0.33999844091050824
mkg_w,mkgw_native_adamf,0.95,0.8,-0.1499999999999999,-0.006904630177785744,0.3075304022450889,0.37242750233863425,0.3200420954162769
mkg_w,mkgw_native_adamf,0.95,0.85,-0.09999999999999998,-0.004427432517830324,0.29825381976925475,0.40567508574992206,0.2960710944808232
mkg_w,mkgw_native_adamf,0.95,0.9,-0.04999999999999993,-0.001848634661914732,0.28219519800436543,0.4539289055191768,0.26387589647645776
mkg_w,mkgw_native_adamf,0.95,0.95,0.0,0.0,0.0,1.0,0.0
mkg_w,mkgw_native_adamf,0.95,1.0,0.050000000000000044,-0.006412306066228257,0.24154193950732772,0.46289367009666355,0.29556439039600874
