dataset,pair_id,metric,n,mean,std,min,q25,median,q75,q90,q95,max
db15k,db15k_mhyper_adamf,gain_amplitude,47532,0.04545313137920738,0.13731240589146446,0.0,0.0,0.0,0.0059456918817872,0.1282051282051282,0.33333333333333337,0.9998246844319776
db15k,db15k_mhyper_adamf,beneficial_basin_width,47532,0.33055024584941267,0.4124973045180057,0.0,0.0,0.0,0.8571428571428571,0.9523809523809523,0.9523809523809523,0.9523809523809523
db15k,db15k_mhyper_adamf,min_beneficial_distance_positive_only,21672,0.12372416020671836,0.1615466069499795,0.050000000000000044,0.050000000000000044,0.050000000000000044,0.09999999999999998,0.30000000000000004,0.5,1.0
db15k,db15k_mhyper_adamf,plateau_ratio,47532,0.5515368593789447,0.40615660380361596,0.0,0.05,0.7,0.95,1.0,1.0,1.0
db15k,db15k_mhyper_adamf,best_plateau_ratio,47532,0.34298497653710985,0.36265660790257376,0.047619047619047616,0.047619047619047616,0.14285714285714285,0.6190476190476191,1.0,1.0,1.0
db15k,db15k_mhyper_adamf,beneficial_components_positive_only,21672,1.0901624215577703,0.3549177655298282,1.0,1.0,1.0,1.0,1.0,2.0,8.0
db15k,db15k_mhyper_native,gain_amplitude,47532,0.049579185044090174,0.147927401836882,0.0,0.0,0.0,0.005911694137093648,0.13895837193502578,0.44444444444444453,0.9998630699712447
db15k,db15k_mhyper_native,beneficial_basin_width,47532,0.32252357309161145,0.4080039900309939,0.0,0.0,0.0,0.8095238095238095,0.9523809523809523,0.9523809523809523,0.9523809523809523
db15k,db15k_mhyper_native,min_beneficial_distance_positive_only,21388,0.13597811857116143,0.17466007273844925,0.050000000000000044,0.050000000000000044,0.050000000000000044,0.15000000000000002,0.35,0.55,1.0
db15k,db15k_mhyper_native,plateau_ratio,47532,0.560450854161407,0.4094682931088589,0.0,0.05,0.7,0.95,1.0,1.0,1.0
db15k,db15k_mhyper_native,best_plateau_ratio,47532,0.37967204049001574,0.38456233557184194,0.047619047619047616,0.047619047619047616,0.19047619047619047,0.8095238095238095,1.0,1.0,1.0
db15k,db15k_mhyper_native,beneficial_components_positive_only,21388,1.0914999064896203,0.3628577086091051,1.0,1.0,1.0,1.0,1.0,2.0,6.0
db15k,db15k_native_adamf,gain_amplitude,47532,0.057545267132930136,0.14838520464235705,0.0,0.0,2.095360790515002e-05,0.014632246322348899,0.16666666666666669,0.5,0.9977528089887641
db15k,db15k_native_adamf,beneficial_basin_width,47532,0.39012615060330286,0.43115509404338775,0.0,0.0,0.09523809523809523,0.9523809523809523,0.9523809523809523,0.9523809523809523,0.9523809523809523
db15k,db15k_native_adamf,min_beneficial_distance_positive_only,24738,0.12250181906378851,0.16528604108544398,0.050000000000000044,0.050000000000000044,0.050000000000000044,0.09999999999999998,0.30000000000000004,0.5,1.0
db15k,db15k_native_adamf,plateau_ratio,47532,0.5474280484726078,0.41311264056538877,0.0,0.05,0.7,0.95,1.0,1.0,1.0
db15k,db15k_native_adamf,best_plateau_ratio,47532,0.3309169161226722,0.3614428929179779,0.047619047619047616,0.047619047619047616,0.14285714285714285,0.5714285714285714,1.0,1.0,1.0
db15k,db15k_native_adamf,beneficial_components_positive_only,24738,1.139299862559625,0.501119443519995,1.0,1.0,1.0,1.0,1.0,2.0,7.0
mkg_w,mkgw_mhyper_adamf,gain_amplitude,25656,0.04084078136150231,0.1350918681551189,0.0,0.0,2.8257367141100003e-05,0.005900402152336375,0.08333333333333331,0.2619047619047619,0.9996130030959753
mkg_w,mkgw_mhyper_adamf,beneficial_basin_width,25656,0.40177921807949873,0.43170368541754506,0.0,0.0,0.09523809523809523,0.9523809523809523,0.9523809523809523,0.9523809523809523,0.9523809523809523
mkg_w,mkgw_mhyper_adamf,min_beneficial_distance_positive_only,13511,0.11375915920361189,0.157124694668327,0.050000000000000044,0.050000000000000044,0.050000000000000044,0.09999999999999998,0.30000000000000004,0.5,1.0
mkg_w,mkgw_mhyper_adamf,plateau_ratio,25656,0.5014986747739321,0.4167944266343694,0.0,0.05,0.5,0.95,1.0,1.0,1.0
mkg_w,mkgw_mhyper_adamf,best_plateau_ratio,25656,0.3349314000623636,0.3759906605624937,0.047619047619047616,0.047619047619047616,0.09523809523809523,0.6190476190476191,1.0,1.0,1.0
mkg_w,mkgw_mhyper_adamf,beneficial_components_positive_only,13511,1.085707941677152,0.3501876628689254,1.0,1.0,1.0,1.0,1.0,2.0,5.0
mkg_w,mkgw_mhyper_native,gain_amplitude,25656,0.04662525254682955,0.13641468797220607,0.0,0.0,0.00030306091833670027,0.0102564102564103,0.11710805860805859,0.5,0.9972826086956522
mkg_w,mkgw_mhyper_native,beneficial_basin_width,25656,0.29223647675471803,0.25682073716154546,0.0,0.0,0.3333333333333333,0.5714285714285714,0.5714285714285714,0.5714285714285714,0.9523809523809523
mkg_w,mkgw_mhyper_native,min_beneficial_distance_positive_only,16308,0.08568493990679417,0.08733521104807047,0.04999999999999993,0.04999999999999993,0.04999999999999993,0.050000000000000044,0.19999999999999996,0.3,0.6
mkg_w,mkgw_mhyper_native,plateau_ratio,25656,0.5229030246336139,0.42242984805063266,0.0,0.05,0.6,0.95,1.0,1.0,1.0
mkg_w,mkgw_mhyper_native,best_plateau_ratio,25656,0.37622685494528346,0.4002050659628967,0.047619047619047616,0.047619047619047616,0.09523809523809523,0.9047619047619048,1.0,1.0,1.0
mkg_w,mkgw_mhyper_native,beneficial_components_positive_only,16308,1.2232646553838606,0.6326151766427454,1.0,1.0,1.0,1.0,2.0,2.0,8.0
mkg_w,mkgw_native_adamf,gain_amplitude,25656,0.047644916484863714,0.13917660169152224,0.0,0.0,6.688916129225005e-05,0.0054545454545453995,0.1333333333333333,0.5,0.999436936936937
mkg_w,mkgw_native_adamf,beneficial_basin_width,25656,0.28394174944689443,0.37406364634575917,0.0,0.0,0.047619047619047616,0.7142857142857143,0.9047619047619048,0.9047619047619048,0.9523809523809523
mkg_w,mkgw_native_adamf,min_beneficial_distance_positive_only,15704,0.08520440652063167,0.10549137633835032,0.04999999999999993,0.04999999999999993,0.050000000000000044,0.050000000000000044,0.1499999999999999,0.29999999999999993,0.95
mkg_w,mkgw_native_adamf,plateau_ratio,25656,0.5084989865918303,0.4173124141254207,0.0,0.05,0.55,0.95,1.0,1.0,1.0
mkg_w,mkgw_native_adamf,best_plateau_ratio,25656,0.33133806999569393,0.3736528097683458,0.047619047619047616,0.047619047619047616,0.09523809523809523,0.6190476190476191,1.0,1.0,1.0
mkg_w,mkgw_native_adamf,beneficial_components_positive_only,15704,1.222554763117677,0.6431377216041048,1.0,1.0,1.0,1.0,2.0,2.0,7.0
