feature_name,feature_family,importance_gain,importance_weight,importance_cover,rank_gain
target_regime=tail_no_img,target_regime,308.7266540527344,8.0,1540.13037109375,1
fusion_correct_score,fusion_correct_score,238.0223846435547,803.0,1925.3564453125,2
direction=head,direction,202.25094604492188,189.0,1857.3065185546875,3
direction=tail,direction,163.10379028320312,44.0,1720.069091796875,4
struct_correct_score,struct_correct_score,98.94673156738281,647.0,1519.6397705078125,5
relation_id=rel_45,relation_id,73.35553741455078,56.0,2445.295166015625,6
relation_fusion_win_rate,relation_fusion_win_rate,64.59521484375,204.0,1387.9500732421875,7
target_has_img,target_has_img,60.00732421875,9.0,747.502197265625,8
relation_support,relation_support,50.10668182373047,286.0,1502.2257080078125,9
target_regime=head_no_img,target_regime,43.58891296386719,39.0,1598.4683837890625,10
relation_gain_prior,relation_gain_prior,43.52765655517578,212.0,1018.8434448242188,11
relation_id=rel_78,relation_id,42.62778091430664,10.0,292.41943359375,12
relation_id=rel_96,relation_id,41.68430709838867,15.0,2499.469970703125,13
struct_margin,struct_margin,36.879173278808594,400.0,956.4281005859375,14
relation_id=rel_103,relation_id,32.268310546875,1.0,377.11328125,15
img_is_missing_replaced,img_is_missing_replaced,27.79554557800293,55.0,640.4326171875,16
relation_id=rel_0,relation_id,26.60350227355957,6.0,1354.8812255859375,17
relation_id=rel_115,relation_id,26.459598541259766,29.0,1487.58984375,18
relation_id=rel_16,relation_id,24.67989730834961,36.0,1055.9559326171875,19
relation_id=rel_86,relation_id,24.21208381652832,5.0,1051.4306640625,20
relation_id=rel_36,relation_id,23.647659301757812,1.0,4113.16015625,21
relation_id=rel_117,relation_id,23.581279754638672,25.0,639.02392578125,22
relation_id=rel_88,relation_id,22.671024322509766,20.0,3075.67333984375,23
relation_id=rel_19,relation_id,22.474794387817383,11.0,944.1454467773438,24
relation_id=rel_8,relation_id,22.442981719970703,17.0,546.2610473632812,25
relation_id=rel_101,relation_id,22.0897159576416,12.0,2295.952392578125,26
relation_id=rel_106,relation_id,21.350265502929688,22.0,2993.02734375,27
relation_id=rel_6,relation_id,20.68881607055664,3.0,2143.022705078125,28
relation_id=rel_92,relation_id,20.525861740112305,14.0,1581.103515625,29
relation_id=rel_98,relation_id,20.291683197021484,16.0,381.27117919921875,30
relation_id=rel_29,relation_id,18.708707809448242,24.0,2216.477783203125,31
relation_id=rel_48,relation_id,18.53826332092285,2.0,613.4876708984375,32
relation_id=rel_61,relation_id,18.27686309814453,3.0,134.0086212158203,33
relation_id=rel_80,relation_id,17.95195770263672,9.0,579.32568359375,34
relation_id=rel_39,relation_id,17.828880310058594,8.0,68.21058654785156,35
relation_id=rel_94,relation_id,17.456876754760742,1.0,2698.932373046875,36
relation_id=rel_66,relation_id,16.985719680786133,22.0,3235.767333984375,37
relation_id=rel_82,relation_id,16.47885513305664,14.0,608.46728515625,38
fusion_margin,fusion_margin,16.264123916625977,164.0,702.9016723632812,39
relation_id=rel_38,relation_id,16.127174377441406,25.0,502.82342529296875,40
relation_id=rel_32,relation_id,15.595622062683105,9.0,3697.67236328125,41
text_img_cosine,text_img_cosine,15.160154342651367,137.0,738.7371215820312,42
relation_id=rel_89,relation_id,14.976629257202148,10.0,76.74552917480469,43
relation_id=rel_22,relation_id,14.643570899963379,16.0,2743.8193359375,44
relation_id=rel_91,relation_id,14.627167701721191,12.0,2484.21435546875,45
relation_id=rel_11,relation_id,14.29995059967041,2.0,1224.2855224609375,46
relation_id=rel_31,relation_id,13.634950637817383,5.0,73.1603775024414,47
relation_id=rel_100,relation_id,13.574684143066406,14.0,3509.720947265625,48
relation_id=rel_132,relation_id,13.569499015808105,23.0,1970.46142578125,49
relation_id=rel_108,relation_id,13.38388442993164,1.0,73.02186584472656,50
relation_id=rel_33,relation_id,13.274421691894531,12.0,1025.6629638671875,51
relation_id=rel_52,relation_id,13.274103164672852,11.0,3086.126708984375,52
relation_id=rel_113,relation_id,13.265268325805664,11.0,3494.5263671875,53
relation_id=rel_71,relation_id,12.99536418914795,5.0,1742.6597900390625,54
delta_margin,delta_margin,12.94437313079834,197.0,524.7882690429688,55
relation_id=rel_102,relation_id,12.333304405212402,6.0,3696.119873046875,56
relation_id=rel_28,relation_id,12.210578918457031,9.0,682.3108520507812,57
relation_id=rel_43,relation_id,12.033163070678711,2.0,263.8260498046875,58
relation_id=rel_90,relation_id,11.777897834777832,12.0,2318.450927734375,59
relation_id=rel_69,relation_id,11.131523132324219,4.0,3871.494873046875,60
relation_id=rel_93,relation_id,11.045342445373535,3.0,2705.514404296875,61
relation_id=rel_54,relation_id,10.948684692382812,1.0,229.91357421875,62
relation_id=rel_5,relation_id,10.844429969787598,1.0,891.9367065429688,63
relation_id=rel_105,relation_id,10.704963684082031,3.0,1471.0662841796875,64
relation_id=rel_15,relation_id,10.242809295654297,11.0,3124.016357421875,65
relation_id=rel_44,relation_id,10.184357643127441,4.0,3676.958740234375,66
relation_id=rel_104,relation_id,10.126893997192383,5.0,3757.02099609375,67
relation_id=rel_62,relation_id,9.801430702209473,2.0,1978.8277587890625,68
relation_id=rel_112,relation_id,9.740437507629395,1.0,8.382087707519531,69
relation_id=rel_119,relation_id,9.63563346862793,2.0,3840.1298828125,70
relation_id=rel_53,relation_id,9.589613914489746,15.0,385.32293701171875,71
relation_id=rel_124,relation_id,9.459488868713379,3.0,3842.111328125,72
relation_id=rel_46,relation_id,7.752138614654541,1.0,3544.27099609375,73
relation_id=rel_134,relation_id,7.496438980102539,3.0,3794.056640625,74
relation_id=rel_116,relation_id,7.3831257820129395,3.0,28.191322326660156,75
relation_id=rel_9,relation_id,7.1812052726745605,8.0,1567.99755859375,76
relation_id=rel_64,relation_id,6.830407619476318,1.0,3705.55712890625,77
relation_id=rel_126,relation_id,6.222500801086426,1.0,15.130999565124512,78
relation_is_visual_prior,relation_is_visual_prior,5.8451995849609375,2.0,45.164649963378906,79
relation_id=rel_131,relation_id,2.887237548828125,1.0,16.811199188232422,80
relation_id=rel_56,relation_id,0.5089569091796875,1.0,14.684003829956055,81
relation_id=rel_10,relation_id,0.3016090393066406,1.0,5.379057884216309,82
relation_id=rel_107,relation_id,0.0,0.0,0.0,83
relation_id=rel_109,relation_id,0.0,0.0,0.0,84
relation_id=rel_110,relation_id,0.0,0.0,0.0,85
relation_id=rel_114,relation_id,0.0,0.0,0.0,86
relation_id=rel_118,relation_id,0.0,0.0,0.0,87
relation_id=rel_12,relation_id,0.0,0.0,0.0,88
relation_id=rel_120,relation_id,0.0,0.0,0.0,89
relation_id=rel_121,relation_id,0.0,0.0,0.0,90
relation_id=rel_122,relation_id,0.0,0.0,0.0,91
relation_id=rel_123,relation_id,0.0,0.0,0.0,92
relation_id=rel_125,relation_id,0.0,0.0,0.0,93
relation_id=rel_127,relation_id,0.0,0.0,0.0,94
relation_id=rel_128,relation_id,0.0,0.0,0.0,95
relation_id=rel_129,relation_id,0.0,0.0,0.0,96
relation_id=rel_13,relation_id,0.0,0.0,0.0,97
relation_id=rel_130,relation_id,0.0,0.0,0.0,98
relation_id=rel_133,relation_id,0.0,0.0,0.0,99
relation_id=rel_135,relation_id,0.0,0.0,0.0,100
relation_id=rel_14,relation_id,0.0,0.0,0.0,101
relation_id=rel_18,relation_id,0.0,0.0,0.0,102
relation_id=rel_2,relation_id,0.0,0.0,0.0,103
relation_id=rel_20,relation_id,0.0,0.0,0.0,104
relation_id=rel_21,relation_id,0.0,0.0,0.0,105
relation_id=rel_24,relation_id,0.0,0.0,0.0,106
relation_id=rel_25,relation_id,0.0,0.0,0.0,107
relation_id=rel_26,relation_id,0.0,0.0,0.0,108
relation_id=rel_27,relation_id,0.0,0.0,0.0,109
relation_id=rel_3,relation_id,0.0,0.0,0.0,110
relation_id=rel_30,relation_id,0.0,0.0,0.0,111
relation_id=rel_34,relation_id,0.0,0.0,0.0,112
relation_id=rel_35,relation_id,0.0,0.0,0.0,113
relation_id=rel_37,relation_id,0.0,0.0,0.0,114
relation_id=rel_40,relation_id,0.0,0.0,0.0,115
relation_id=rel_41,relation_id,0.0,0.0,0.0,116
relation_id=rel_42,relation_id,0.0,0.0,0.0,117
relation_id=rel_47,relation_id,0.0,0.0,0.0,118
relation_id=rel_49,relation_id,0.0,0.0,0.0,119
relation_id=rel_50,relation_id,0.0,0.0,0.0,120
relation_id=rel_51,relation_id,0.0,0.0,0.0,121
relation_id=rel_55,relation_id,0.0,0.0,0.0,122
relation_id=rel_57,relation_id,0.0,0.0,0.0,123
relation_id=rel_59,relation_id,0.0,0.0,0.0,124
relation_id=rel_63,relation_id,0.0,0.0,0.0,125
relation_id=rel_65,relation_id,0.0,0.0,0.0,126
relation_id=rel_68,relation_id,0.0,0.0,0.0,127
relation_id=rel_70,relation_id,0.0,0.0,0.0,128
relation_id=rel_72,relation_id,0.0,0.0,0.0,129
relation_id=rel_73,relation_id,0.0,0.0,0.0,130
relation_id=rel_74,relation_id,0.0,0.0,0.0,131
relation_id=rel_77,relation_id,0.0,0.0,0.0,132
relation_id=rel_79,relation_id,0.0,0.0,0.0,133
relation_id=rel_81,relation_id,0.0,0.0,0.0,134
relation_id=rel_85,relation_id,0.0,0.0,0.0,135
relation_id=rel_87,relation_id,0.0,0.0,0.0,136
relation_id=rel_95,relation_id,0.0,0.0,0.0,137
relation_id=rel_97,relation_id,0.0,0.0,0.0,138
relation_id=rel_99,relation_id,0.0,0.0,0.0,139
target_regime=head_has_img,target_regime,0.0,0.0,0.0,140
