dataset,pair_id,representation,delta_alpha,count,mae,smooth_l1,spearman,positive_prevalence,positive_auprc,positive_auprc_lift,positive_auroc,harmful_prevalence,harmful_auprc,harmful_auprc_lift,harmful_auroc,positive_vs_harmful_auroc,positive_vs_harmful_auroc_lift,nonzero_activity_auprc,nonzero_activity_prevalence,nonzero_activity_auprc_lift,highest_10pct_actual_mean_advantage,highest_10pct_positive_rate,highest_10pct_harmful_rate,h1_style_pass,n_rows,n_queries
db15k,db15k_mhyper_adamf,C0,-0.3,47532,0.05566083074912109,0.04998349477343354,0.1299241582573807,0.373032904148784,0.4930415213123183,0.12000861716353434,0.6460302600826492,0.2756458806698645,0.2707728082531287,-0.004873072416735791,0.4611794340639606,0.560942517789967,0.060942517789966955,0.564094950409212,0.6486787848186485,-0.08458383440943651,0.00018717882782672725,0.5413423101199243,0.3006522196507469,False,47532,47532
db15k,db15k_mhyper_adamf,C0,-0.2,47532,0.039560176671692704,0.03489244707283351,0.11106388177298744,0.363839097870908,0.46895104436504875,0.10511194649414074,0.6308272774549156,0.23701927122780442,0.22586062508375898,-0.011158646144045437,0.45347947526878174,0.5456994861128183,0.045699486112818266,0.5259514612626436,0.6008583690987125,-0.0749069078360689,-0.0048549000085751776,0.5114664422470019,0.2728802861350726,False,47532,47532
db15k,db15k_mhyper_adamf,C0,-0.1,47532,0.021043265506280936,0.017836504857644958,0.08115283933131368,0.34023394765631576,0.41043474263726315,0.07020079498094739,0.5972341118846128,0.18360262559959606,0.16592446737536648,-0.01767815822422958,0.4513854482178398,0.5238061080862112,0.023806108086211197,0.4677157730541556,0.5238365732559118,-0.056120800201756194,-0.002968294403738437,0.43888070692194403,0.2112350094677046,False,47532,47532
db15k,db15k_mhyper_adamf,C0,-0.05,47532,0.011159384203127783,0.008823992611649897,0.04994968657339939,0.31027518303458723,0.3482957991955975,0.03802061616101027,0.5619475421587303,0.14802659261129344,0.13290783577690962,-0.015118756834383823,0.45710175594936603,0.5053703671366275,0.00537036713662753,0.41683738105735024,0.45830177564588065,-0.04146439458853041,-0.0015576753183940003,0.3561960866820955,0.14285714285714285,False,47532,47532
db15k,db15k_mhyper_adamf,C1,-0.3,47532,0.05589559180193616,0.05017870730505092,0.1260564241940436,0.373032904148784,0.4902348690769008,0.1172019649281168,0.6443802374221357,0.2756458806698645,0.26791534914760395,-0.007730531522260553,0.4586484236620084,0.5580070547672527,0.05800705476725265,0.567025565173506,0.6486787848186485,-0.0816532196451425,0.0008932700995863153,0.5388175888912266,0.3128550389227856,False,47532,47532
db15k,db15k_mhyper_adamf,C1,-0.2,47532,0.03963843639901108,0.03495060198290637,0.11532426612218476,0.363839097870908,0.4766859120098928,0.11284681413898479,0.6382039042439406,0.23701927122780442,0.22506136700764695,-0.011957904220157467,0.4498842355509382,0.5478391181252754,0.047839118125275415,0.5292727872997719,0.6008583690987125,-0.07158558179894059,-0.001669847264063122,0.527666736797812,0.27393225331369664,False,47532,47532
db15k,db15k_mhyper_adamf,C1,-0.1,47532,0.02114665651336202,0.01790071306070289,0.08473840710708548,0.34023394765631576,0.4291600630790751,0.08892611542275936,0.6108317806160307,0.18360262559959606,0.1621144901272002,-0.021488135472395864,0.43813743068145017,0.5232500689207837,0.02325006892078374,0.4743881852499916,0.5238365732559118,-0.04944838800592022,-0.00211673909209781,0.48222175468125394,0.20660635388175888,False,47532,47532
db15k,db15k_mhyper_adamf,C1,-0.05,47532,0.011237266317929878,0.00888176670363826,0.056387678515590615,0.31027518303458723,0.3640724110557367,0.053797228021149446,0.5767020108971108,0.14802659261129344,0.129151586356876,-0.01887500625441743,0.44354456312223034,0.5050268424637183,0.005026842463718317,0.42966460357935454,0.45830177564588065,-0.028637172066526106,-0.003050113481308109,0.4056385440774248,0.17083946980854198,False,47532,47532
db15k,db15k_mhyper_adamf,C2,-0.3,47532,0.056021456478279844,0.05018403899474165,0.12702619266987944,0.373032904148784,0.4857946232381455,0.1127617190893615,0.6391977126954994,0.2756458806698645,0.27183264802079343,-0.0038132326490710744,0.46702705459915417,0.5618883919346209,0.06188839193462092,0.5715585099996481,0.6486787848186485,-0.07712027481900041,-0.0010921019095183138,0.5331369661266568,0.30738480959394066,False,47532,47532
db15k,db15k_mhyper_adamf,C2,-0.2,47532,0.039818512832668754,0.034981305186463134,0.11242002148667096,0.363839097870908,0.46497922005169096,0.10114012218078294,0.628403727406995,0.23701927122780442,0.2295685175613847,-0.007450753666419729,0.45898405056650426,0.5485203280836665,0.048520328083666464,0.5348477361806178,0.6008583690987125,-0.06601063291809472,-0.003907336336121931,0.5093625078897538,0.2741426467494214,False,47532,47532
db15k,db15k_mhyper_adamf,C2,-0.1,47532,0.021258246391614787,0.017911074690994844,0.06851467934763059,0.34023394765631576,0.40346918017495187,0.06323523251863611,0.5900253753337843,0.18360262559959606,0.1673158850445305,-0.01628674055506557,0.44867179061077395,0.5157612486555594,0.01576124865555939,0.48132046827820923,0.5238365732559118,-0.042516104977702585,-0.0023139318449009825,0.4348832316431727,0.23164317273301074,False,47532,47532
db15k,db15k_mhyper_adamf,C2,-0.05,47532,0.011276420922895772,0.008874964193189009,0.03175674798824524,0.31027518303458723,0.3409269609885178,0.030651777953930592,0.550038585233716,0.14802659261129344,0.1339481729756844,-0.014078419635609046,0.4578562995518448,0.49799837478083575,-0.002001625219164249,0.43308936629318184,0.45830177564588065,-0.025212409352698806,-0.001843100643678739,0.3597727750894172,0.1792552072375342,False,47532,47532
db15k,db15k_mhyper_adamf,C3,-0.3,47532,0.059412941820362254,0.05276122365946576,0.11083501757136596,0.373032904148784,0.4556528210700139,0.08261991692122994,0.6129132695491755,0.2756458806698645,0.2797765637876582,0.004130683117793688,0.4834600460304021,0.5581702687703507,0.0581702687703507,0.5808084798544986,0.6486787848186485,-0.06787030496414992,-0.005059830356484763,0.4923206395960446,0.2522617294340417,False,47532,47532
db15k,db15k_mhyper_adamf,C3,-0.2,47532,0.04294141116065642,0.0370821936586133,0.08823965496028172,0.363839097870908,0.4285498483629544,0.06471075049204639,0.5967290676266578,0.23701927122780442,0.23245650721946481,-0.004562764008339604,0.4758046544836191,0.5430534158160443,0.04305341581604427,0.5356573917221642,0.6008583690987125,-0.06520097737654829,-0.0076142451305312425,0.4477172312223859,0.22091310751104565,False,47532,47532
db15k,db15k_mhyper_adamf,C3,-0.1,47532,0.023892548844505142,0.019161446980475533,0.05735374563556476,0.34023394765631576,0.37409828050260063,0.03386433284628487,0.5647257098988804,0.18360262559959606,0.1724295489336679,-0.01117307666592815,0.4761388910924834,0.5239376010340995,0.023937601034099476,0.46695823107805506,0.5238365732559118,-0.056878342177856756,-0.004412219294589234,0.3749211024616032,0.15358720807910795,False,47532,47532
db15k,db15k_mhyper_adamf,C3,-0.05,47532,0.013934165205148497,0.009820447101608771,0.03333865471441912,0.31027518303458723,0.32439602072104995,0.014120837686462717,0.5419521525976738,0.14802659261129344,0.13505202329754631,-0.01297456931374713,0.4739183474686486,0.5070940039778378,0.007094003977837771,0.40889359176158785,0.45830177564588065,-0.0494081838842928,-0.003918902930853891,0.29896907216494845,0.10814222596254996,False,47532,47532
db15k,db15k_mhyper_adamf,C4,-0.3,47532,0.05884611374911524,0.052314741675249125,0.11291749352128551,0.373032904148784,0.46020175551642273,0.08716885136763874,0.6165741294947157,0.2756458806698645,0.278532093077523,0.002886212407658517,0.48042599181479767,0.5575016451398145,0.05750164513981448,0.5801319670656114,0.6486787848186485,-0.06854681775303706,-0.005152116259166283,0.49715968861771515,0.26614769619187884,False,47532,47532
db15k,db15k_mhyper_adamf,C4,-0.2,47532,0.042125302854493465,0.036471659432375084,0.09729455596444385,0.363839097870908,0.4373260885275164,0.07348699065660841,0.6049041898766145,0.23701927122780442,0.23314816502639452,-0.003871106201409902,0.4711596470225734,0.5434942059762772,0.04349420597627718,0.5361842745681598,0.6008583690987125,-0.06467409453055273,-0.007602991892455636,0.46686303387334316,0.23269513991163476,False,47532,47532
db15k,db15k_mhyper_adamf,C4,-0.1,47532,0.023224021164877845,0.018762742528305988,0.05927724057657368,0.34023394765631576,0.37798378167060115,0.03774983401428539,0.5679909779658215,0.18360262559959606,0.17071402851891787,-0.012888597080678188,0.4677714360025883,0.51872754902105,0.018727549021050005,0.46902278270311404,0.5238365732559118,-0.05481379055279778,-0.004651257972930626,0.37365874184725434,0.1687355354512939,False,47532,47532
db15k,db15k_mhyper_adamf,C4,-0.05,47532,0.013317678875317032,0.009539159357804292,0.03899194395219402,0.31027518303458723,0.328368966553389,0.018093783518801754,0.5443440310888124,0.14802659261129344,0.13486268369611262,-0.013163908915180822,0.47308667435679325,0.5082354177431175,0.008235417743117535,0.40756102282845347,0.45830177564588065,-0.05074075281742718,-0.002719164921338869,0.31348621922996,0.11298127498422049,False,47532,47532
db15k,db15k_mhyper_native,C0,-0.3,47532,0.03800804373495726,0.03373488540719502,0.096035698320339,0.36179836741563576,0.4597724101150206,0.09797404269938487,0.6131070551468939,0.24208953967853236,0.22740766270790133,-0.01468187697063103,0.46446595491734294,0.5473347090117532,0.047334709011753184,0.5468723069108883,0.6038879070941682,-0.05701560018327989,0.005152200718829022,0.5236692615190406,0.24300441826215022,False,47532,47532
db15k,db15k_mhyper_native,C0,-0.2,47532,0.02503639421459297,0.021583653743757432,0.08440266338738267,0.3490701001430615,0.42873632961349234,0.07966622947043084,0.5976005659848689,0.2092274678111588,0.19654299581096765,-0.012684472000191155,0.46483647262968647,0.5374991970059046,0.03749919700590465,0.5148582552214421,0.5582975679542204,-0.043439312732778235,0.0037550776029189673,0.4799074268882811,0.20828950136755733,False,47532,47532
db15k,db15k_mhyper_native,C0,-0.1,47532,0.012787316645031343,0.010407714430957239,0.05503019552616904,0.32201464276697805,0.370449908997878,0.04843526623089994,0.5628028512922533,0.16900193553816376,0.15520635636011468,-0.013795579178049078,0.4702868714478042,0.5197434634790576,0.019743463479057644,0.46447897174760655,0.4910165783051418,-0.02653760655753523,0.0012395480585482782,0.3953292657269093,0.16515884704397224,False,47532,47532
db15k,db15k_mhyper_native,C0,-0.05,47532,0.007008780054283108,0.005237638217971087,0.03890729362463088,0.2882689556509299,0.3139489504949485,0.02567999484401856,0.5409378162762087,0.14102078599680215,0.13311264290285527,-0.007908143093946884,0.48396092504549904,0.5162083892094754,0.016208389209475427,0.41121185635545765,0.42928974164773204,-0.018077885292274387,9.813708679770288e-05,0.32568903850199876,0.1409636019356196,False,47532,47532
db15k,db15k_mhyper_native,C1,-0.3,47532,0.038299619589731784,0.03385298948828737,0.07495063652156979,0.36179836741563576,0.43757749980407784,0.07577913238844208,0.592844728697251,0.24208953967853236,0.2291177408466662,-0.012971798831866166,0.46267508652820744,0.5315935832894878,0.0315935832894878,0.5820643784000923,0.6038879070941682,-0.02182352869407589,0.0047155402881173866,0.483273721859878,0.2852934988428361,False,47532,47532
db15k,db15k_mhyper_native,C1,-0.2,47532,0.025274274609522647,0.021656865975756827,0.06863493702962874,0.3490701001430615,0.4157284172067938,0.06665831706373232,0.5857966329751988,0.2092274678111588,0.19613657991922723,-0.01309088789193158,0.46066190022188575,0.52503652865592,0.025036528655919987,0.5502579172258159,0.5582975679542204,-0.008039650728404513,0.000602216490961672,0.4477172312223859,0.24910582789816957,False,47532,47532
db15k,db15k_mhyper_native,C1,-0.1,47532,0.01306362959375799,0.010463923718723806,0.04555018794739438,0.32201464276697805,0.36472098769397876,0.042706344927000706,0.5620478363359376,0.16900193553816376,0.15351375929283326,-0.015488176245330498,0.45750275404974505,0.5070245240994253,0.007024524099425333,0.4936557005385824,0.4910165783051418,0.002639122233440594,0.0019371121791153236,0.38354723332632024,0.20197769829581316,False,47532,47532
db15k,db15k_mhyper_native,C1,-0.05,47532,0.007322670901832852,0.005293169793653303,0.025906734662978288,0.2882689556509299,0.310690659843274,0.022421704192344072,0.5393149893905289,0.14102078599680215,0.12799144919010175,-0.013029336806700403,0.463764789448511,0.49698281353922247,-0.0030171864607775323,0.43433276573632845,0.42928974164773204,0.005043024088596415,-0.0005948391403544085,0.3166421207658321,0.16915632232274352,False,47532,47532
db15k,db15k_mhyper_native,C2,-0.3,47532,0.038539246377165465,0.033977050709656204,0.08081806514040141,0.36179836741563576,0.4432285801139672,0.08143021269833145,0.597048340784214,0.24208953967853236,0.2324529615173919,-0.009636578161140469,0.4696885515240489,0.5404180077952909,0.04041800779529092,0.5553983744155323,0.6038879070941682,-0.04848953267863587,0.003122874621773804,0.49442457395329265,0.23606143488323164,False,47532,47532
db15k,db15k_mhyper_native,C2,-0.2,47532,0.025488878784664517,0.021749658818001054,0.07386972452609486,0.3490701001430615,0.4163127621631382,0.06724266202007667,0.585321528424069,0.2092274678111588,0.2011849501104096,-0.008042517700749208,0.4734907048494819,0.5351980128896006,0.03519801288960056,0.5255606083007862,0.5582975679542204,-0.03273695965343415,0.0004203536503081664,0.4555017883442037,0.2063959604460341,False,47532,47532
db15k,db15k_mhyper_native,C2,-0.1,47532,0.013159303736882007,0.010499698432319172,0.042917114372891196,0.32201464276697805,0.3566248806542837,0.03461023788730566,0.5489074028647588,0.16900193553816376,0.16126436619208148,-0.007737569346082274,0.47971269472942074,0.5166269498959677,0.01662694989596769,0.47751830298937753,0.4910165783051418,-0.013498275315764252,0.0008037287633603612,0.37260677466863035,0.15505996212918158,False,47532,47532
db15k,db15k_mhyper_native,C2,-0.05,47532,0.007339015144339435,0.005300397371105177,0.019124902788568484,0.2882689556509299,0.298687249553523,0.010418293902593079,0.5181604733896413,0.14102078599680215,0.13757775163482366,-0.0034430343619784864,0.49439702754183534,0.508230535858073,0.008230535858072985,0.41825515177722933,0.42928974164773204,-0.011034589870502709,0.00029446676876888753,0.29960025247212285,0.1249737008205344,False,47532,47532
db15k,db15k_mhyper_native,C3,-0.3,47532,0.03934544680059727,0.034545844003444716,0.05529546458978422,0.36179836741563576,0.42450700210235653,0.06270863468672078,0.5791146429369722,0.24208953967853236,0.2245041646394475,-0.01758537503908486,0.4554661902989141,0.516933605959827,0.01693360595982696,0.5678007409578981,0.6038879070941682,-0.036087166136270055,0.0027372204488977977,0.4677046076162424,0.2610982537344835,False,47532,47532
db15k,db15k_mhyper_native,C3,-0.2,47532,0.02604250178243087,0.022036212889070653,0.04363447294378144,0.3490701001430615,0.4004497808659497,0.05137968072288818,0.5685918876489102,0.2092274678111588,0.19009862478263195,-0.019128843028526854,0.44971855006457084,0.5049089877401892,0.004908987740189219,0.5291277162631455,0.5582975679542204,-0.02916985169107489,0.0016232566025882395,0.4355144119503471,0.2274353040185146,False,47532,47532
db15k,db15k_mhyper_native,C3,-0.1,47532,0.013754014454319542,0.010676763665056325,0.03186515418316901,0.32201464276697805,0.3529005044075285,0.03088586164055046,0.551025742552948,0.16900193553816376,0.14967829116287118,-0.019323644375292576,0.45363276809750325,0.49643298129828334,-0.003567018701716662,0.46145464530200503,0.4910165783051418,-0.029561933003136753,-1.2824621364628097e-05,0.3637702503681885,0.16663160109404587,False,47532,47532
db15k,db15k_mhyper_native,C3,-0.05,47532,0.008046860838941412,0.0054552542308927785,0.01802423409091815,0.2882689556509299,0.3052501229899569,0.016981167339026992,0.5380062236880091,0.14102078599680215,0.12226590753238435,-0.0187548784644178,0.4526564505450731,0.48652672267625896,-0.01347327732374104,0.39532368634961007,0.42928974164773204,-0.03396605529812197,-0.00034987847901422073,0.30338733431516934,0.11950347149168945,False,47532,47532
db15k,db15k_mhyper_native,C4,-0.3,47532,0.038835349375133554,0.034173273832697464,0.06930629363349941,0.36179836741563576,0.433710708971395,0.07191234155575926,0.5858188646275034,0.24208953967853236,0.22647557691345707,-0.01561396276507529,0.4670733953269974,0.531004483649892,0.031004483649891945,0.5605301174533758,0.6038879070941682,-0.0433577896407924,0.004178791198407874,0.4864296233957501,0.2268041237113402,False,47532,47532
db15k,db15k_mhyper_native,C4,-0.2,47532,0.025764389900461305,0.021867355983560665,0.06690167834777926,0.3490701001430615,0.4120671756001542,0.06299707545709271,0.5811633750098957,0.2092274678111588,0.1947895630919321,-0.014437904719226707,0.4659462813158005,0.5268492014663096,0.026849201466309647,0.5198196617719706,0.5582975679542204,-0.03847790618224978,0.0022755525448489985,0.4485588049652851,0.20071533768146435,False,47532,47532
db15k,db15k_mhyper_native,C4,-0.1,47532,0.013637840035758969,0.010626332435842975,0.04906439413518347,0.32201464276697805,0.3600132488815292,0.03799860611455114,0.5618550856472803,0.16900193553816376,0.15268352532705545,-0.016318410211108303,0.46527076921650445,0.5139854385775623,0.013985438577562292,0.45284462043335894,0.4910165783051418,-0.03817195787178285,-0.00017862687179605208,0.37386913528297916,0.15379760151483274,False,47532,47532
db15k,db15k_mhyper_native,C4,-0.05,47532,0.00795697372589111,0.00543460768399622,0.03875411068667075,0.2882689556509299,0.3116356058307587,0.023366650179828807,0.5475458357669671,0.14102078599680215,0.12708570085308019,-0.013935085143721965,0.4729109469558337,0.5117163839936163,0.011716383993616297,0.38808394031286775,0.42928974164773204,-0.04120580133486429,0.00016041691210411243,0.31769408794445614,0.11361245529139491,False,47532,47532
db15k,db15k_native_adamf,C0,-0.3,47532,0.05819087778308154,0.0525880155876936,0.09952054441264781,0.4239038963224775,0.5045853371215759,0.08068144079909845,0.5882635581729467,0.2642009593536986,0.2684216882632092,0.00422072890951064,0.4996232463925856,0.5512914888555497,0.05129148885554968,0.6583805927233323,0.6881048556761761,-0.029724262952843805,0.010938171616779855,0.5596465390279823,0.22448979591836735,True,47532,47532
db15k,db15k_native_adamf,C0,-0.2,47532,0.043685304024834545,0.03882638392053164,0.10195668473109652,0.41584616679289743,0.49688768084336854,0.08104151405047111,0.589406864900478,0.23369519481612389,0.23197984153501708,-0.0017153532811068073,0.49354536393515464,0.5486294798585292,0.04862947985852917,0.6170047163850662,0.6495413616090213,-0.03253664522395516,0.012007872131729772,0.5518619819061645,0.17820324005891017,False,47532,47532
db15k,db15k_native_adamf,C0,-0.1,47532,0.025034286629270864,0.021398909060376798,0.08435478368647228,0.39506016999074306,0.46106785857506316,0.0660076885843201,0.5747410606296063,0.19029285533956072,0.1836828470132885,-0.006610008326272232,0.48638050311633446,0.5355848095294701,0.035584809529470074,0.5660288373714852,0.5853530253303038,-0.019324187958818517,0.004950908384192454,0.5099936881969283,0.15421838838628235,False,47532,47532
db15k,db15k_native_adamf,C0,-0.05,47532,0.013948728035920146,0.011243203306306546,0.058069077809284164,0.36949844315408564,0.4115736213151235,0.04207517816103784,0.5559307230160722,0.1541908608937137,0.1440589577277836,-0.0101319031659301,0.47779422147840533,0.517530221029062,0.017530221029061988,0.5105945368236066,0.5236893040477993,-0.013094767224192783,0.0007249856672780892,0.4342520513359983,0.14601304439301493,False,47532,47532
db15k,db15k_native_adamf,C1,-0.3,47532,0.05760597701107475,0.05213592363222287,0.12509731036261135,0.4239038963224775,0.5151666692716708,0.09126277294919327,0.6047051436994878,0.2642009593536986,0.2698940509177523,0.005693091564053732,0.5024889715585412,0.5630745918223773,0.06307459182237729,0.6594486431942131,0.6881048556761761,-0.028656212481962928,0.015299926018119234,0.5750052598358931,0.22448979591836735,True,47532,47532
db15k,db15k_native_adamf,C1,-0.2,47532,0.04334794303084003,0.038618558241842134,0.12823605175433564,0.41584616679289743,0.5084690923495758,0.09262292555667839,0.6030528743236004,0.23369519481612389,0.23268076861993117,-0.0010144261961927137,0.49959260652613746,0.5617699104185881,0.06176991041858815,0.6245061312212777,0.6495413616090213,-0.02503523038774358,0.01516693767691392,0.568693456764149,0.1838838628234799,False,47532,47532
db15k,db15k_native_adamf,C1,-0.1,47532,0.024846235925387393,0.021329100304670775,0.11587219341054687,0.39506016999074306,0.47634744912832994,0.08128727913758688,0.5936665459921137,0.19029285533956072,0.18341785804456148,-0.006874997294999241,0.4910436414366216,0.5517929606179114,0.05179296061791139,0.565402869110556,0.5853530253303038,-0.019950156219747717,0.005416436255203931,0.5251420155691142,0.1601094045865769,False,47532,47532
db15k,db15k_native_adamf,C1,-0.05,47532,0.013834621469139843,0.01121180066526318,0.0937036144747397,0.36949844315408564,0.42864880208576,0.05915035893167436,0.572061311653882,0.1541908608937137,0.14724571061592343,-0.006945150277790274,0.4944885433672034,0.5429699092273138,0.04296990922731381,0.5074655658863355,0.5236893040477993,-0.01622373816146383,0.0007842274985661732,0.46307595203029667,0.14012202819272038,False,47532,47532
db15k,db15k_native_adamf,C2,-0.3,47532,0.058410977378005234,0.05259691365784356,0.11396256191021559,0.4239038963224775,0.5143747464634029,0.09047085014092537,0.6110381956364246,0.2642009593536986,0.2671805714927354,0.0029796121390368024,0.49319537627902105,0.559413878391301,0.05941387839130097,0.627956348645898,0.6881048556761761,-0.060148507030278076,0.01138342532605686,0.5554386703134863,0.23606143488323164,True,47532,47532
db15k,db15k_native_adamf,C2,-0.2,47532,0.04381902009268191,0.03886432082620336,0.10979558430601385,0.41584616679289743,0.5052513637310838,0.08940519693818638,0.6095161294660311,0.23369519481612389,0.2272175145679703,-0.0064776802481535944,0.4819942937305995,0.5513977117073505,0.051397711707350524,0.5889730572146923,0.6495413616090213,-0.06056830439432903,0.005027996942454282,0.5396591626341258,0.20765832106038293,False,47532,47532
db15k,db15k_native_adamf,C2,-0.1,47532,0.02496824257059974,0.021377293640061877,0.10650331105127459,0.39506016999074306,0.47470165560360533,0.07964148561286227,0.5996674568815102,0.19029285533956072,0.17979501741280107,-0.010497837926759651,0.4775037619402202,0.5443865335044756,0.044386533504475634,0.5335124379782403,0.5853530253303038,-0.05184058735206343,0.001241960545786145,0.508100147275405,0.1609509783294761,False,47532,47532
db15k,db15k_native_adamf,C2,-0.05,47532,0.013834731393555061,0.011220602847172733,0.08517606265564369,0.36949844315408564,0.42555241883729755,0.05605397568321191,0.5756782359555138,0.1541908608937137,0.14216565811072282,-0.01202520278299088,0.4775271076446266,0.5308884584895774,0.03088845848957744,0.4824322767928676,0.5236893040477993,-0.041257027254931744,-0.0009856592885476526,0.445402903429413,0.14012202819272038,False,47532,47532
db15k,db15k_native_adamf,C3,-0.3,47532,0.05952601457237577,0.05330655999483927,0.09038395587078939,0.4239038963224775,0.49195098523656633,0.06804708891408884,0.5840784733148626,0.2642009593536986,0.26856078197177924,0.004359822618080655,0.4982976296554582,0.5476948999423953,0.047694899942395286,0.6424765691979558,0.6881048556761761,-0.04562828647822026,0.00790571061268131,0.5255628024405639,0.23164317273301074,True,47532,47532
db15k,db15k_native_adamf,C3,-0.2,47532,0.04497989160791788,0.03946665414767355,0.08294881610142846,0.41584616679289743,0.47722561532118984,0.06137944852829241,0.5757064963975363,0.23369519481612389,0.2327122780806591,-0.0009829167354647728,0.4956021238000231,0.5418077772086819,0.041807777208681896,0.6043014019125663,0.6495413616090213,-0.045239959696455,0.005361572127962786,0.5102040816326531,0.19356196086682095,False,47532,47532
db15k,db15k_native_adamf,C3,-0.1,47532,0.026288935718072618,0.02185128045014208,0.07282195605144441,0.39506016999074306,0.4397736887860633,0.04471351879532026,0.563344041088574,0.19029285533956072,0.18618744467086115,-0.004105410668699572,0.49347151643875986,0.5343898606163276,0.03438986061632765,0.5378438559228792,0.5853530253303038,-0.047509169407424556,0.0009406269749372294,0.4498211655796339,0.15758468335787923,False,47532,47532
db15k,db15k_native_adamf,C3,-0.05,47532,0.015400773981907017,0.0116925520262731,0.05336257216054913,0.36949844315408564,0.39706414505333987,0.027565701899254225,0.5475567859226137,0.1541908608937137,0.14491164762713368,-0.009279213266580016,0.48851880228104344,0.5215778292391392,0.0215778292391392,0.4747169845743607,0.5236893040477993,-0.048972319473438664,-0.0014381105565077306,0.3974332000841574,0.1327582579423522,False,47532,47532
db15k,db15k_native_adamf,C4,-0.3,47532,0.05957441516590477,0.053276984704943076,0.09609847313594767,0.4239038963224775,0.4912391868332995,0.06733529051082199,0.5808186846796465,0.2642009593536986,0.2713400091158852,0.0071390497621866,0.504169683377654,0.5503370826188659,0.050337082618865936,0.6505517445758878,0.6881048556761761,-0.03755311110028825,0.010192396095716219,0.5270355564906375,0.2268041237113402,True,47532,47532
db15k,db15k_native_adamf,C4,-0.2,47532,0.045088932502617814,0.03949747014867096,0.08910523834245243,0.41584616679289743,0.47479955947359814,0.05895339268070071,0.5728990381003808,0.23369519481612389,0.23506387359159442,0.0013686787754705332,0.5009060096403096,0.5444304342987968,0.044430434298796784,0.610529868395868,0.6495413616090213,-0.039011493213153337,0.006072297230418342,0.5034714916894593,0.19650746896696822,True,47532,47532
db15k,db15k_native_adamf,C4,-0.1,47532,0.0265389880408971,0.021959506127032326,0.06922997774959869,0.39506016999074306,0.4349410584356276,0.03988088844488452,0.5560386536041723,0.19029285533956072,0.18728712362907124,-0.0030057317104894843,0.49452588522384916,0.5303415879973394,0.030341587997339436,0.5450108379137489,0.5853530253303038,-0.04034218741655482,0.002720799846905281,0.4456132968651378,0.1638964864296234,False,47532,47532
db15k,db15k_native_adamf,C4,-0.05,47532,0.015632297663645902,0.011750937982343805,0.04972124882272253,0.36949844315408564,0.39444918748445956,0.02495074433037392,0.5414346518637879,0.1541908608937137,0.14649832371626864,-0.007692537177445058,0.489121684799893,0.517708570453115,0.017708570453115025,0.48124804328530646,0.5236893040477993,-0.04244126076249288,0.0005132234499296893,0.38880706921944036,0.12476330738480959,False,47532,47532
mkg_w,mkgw_mhyper_adamf,C0,-0.3,25656,0.04011796277141021,0.034313783618272524,0.22088060654461153,0.4446913002806361,0.619229995018185,0.1745386947375489,0.6908924513330151,0.21145151231680698,0.21477398128985378,0.003322468973046805,0.5033058906951895,0.6106810493615478,0.11068104936154777,0.550431363498236,0.6561428125974431,-0.10571144909920716,0.010647623531454826,0.7022603273577552,0.18277474668745128,True,25656,25656
mkg_w,mkgw_mhyper_adamf,C0,-0.2,25656,0.027995325925856594,0.02316860662043556,0.19129578071595063,0.43740255690676644,0.5911623944672109,0.15375983756044442,0.6711006985946047,0.18065949485500468,0.175336447071786,-0.005323047783218682,0.4835039927966419,0.5837930079169116,0.08379300791691158,0.522722815828917,0.6180620517617711,-0.0953392359328541,0.006139711598052648,0.6718628215120811,0.17459080280592362,False,25656,25656
mkg_w,mkgw_mhyper_adamf,C0,-0.1,25656,0.015230026255668251,0.011817930827542672,0.14960227048040722,0.41456189585282194,0.5281344111713924,0.11357251531857043,0.6290218595339097,0.1402790770190209,0.13258662563589196,-0.007692451383128934,0.4776362029404656,0.5576107153788175,0.057610715378817456,0.49624244830141245,0.5548409728718429,-0.05859852457043041,0.004261266548441908,0.5896336710833983,0.1367887763055339,False,25656,25656
mkg_w,mkgw_mhyper_adamf,C0,-0.05,25656,0.008981641136841955,0.006297154201642129,0.1218246898828945,0.387784533832242,0.4708655185991774,0.08308098476693543,0.6012330901860646,0.11217648893046461,0.10281040866619544,-0.009366080264269175,0.4700428345115079,0.5362664390336512,0.03626643903365123,0.46067096822163306,0.4999610227627066,-0.03929005454107354,0.00024226101150991383,0.5253312548713952,0.11808261886204209,False,25656,25656
mkg_w,mkgw_mhyper_adamf,C1,-0.3,25656,0.040158425920656285,0.034385037904567796,0.2153214861245713,0.4446913002806361,0.6100914762838957,0.16540017600325962,0.6785332826418354,0.21145151231680698,0.21772050211013963,0.006268989793332652,0.5093809404602646,0.6074617863736811,0.10746178637368109,0.5700443912783103,0.6561428125974431,-0.08609842131913281,0.01578143861853855,0.6932969602494155,0.18667186282151207,True,25656,25656
mkg_w,mkgw_mhyper_adamf,C1,-0.2,25656,0.028015860197434118,0.02319781045859949,0.19312458166638333,0.43740255690676644,0.5892427319370835,0.1518401750303171,0.6642063357751988,0.18065949485500468,0.17976007392655627,-0.0008994209284484134,0.494387135441227,0.5887569147288699,0.08875691472886993,0.5411487091476,0.6180620517617711,-0.07691334261417104,0.009025045728168741,0.6671862821512081,0.16874512860483243,False,25656,25656
mkg_w,mkgw_mhyper_adamf,C1,-0.1,25656,0.01530660230587589,0.011819572010967736,0.14351188435810214,0.41456189585282194,0.5212868377623668,0.1067249419095449,0.6196038133184837,0.1402790770190209,0.13573943566012173,-0.004539641358899171,0.4845238742940677,0.5575181188289213,0.05751811882892133,0.5080296316790707,0.5548409728718429,-0.04681134119277219,0.004662057357409368,0.5791114575214341,0.142244738893219,False,25656,25656
mkg_w,mkgw_mhyper_adamf,C1,-0.05,25656,0.008969315951296157,0.006269788780460191,0.11853821270044984,0.387784533832242,0.46116512202586923,0.07338058819362725,0.5896388286186847,0.11217648893046461,0.10890455099688875,-0.003271937933575858,0.4877155828219212,0.5448106573545932,0.04481065735459322,0.4750796829458794,0.4999610227627066,-0.02488133981682722,0.00400332798275491,0.5070148090413095,0.11340607950116914,False,25656,25656
mkg_w,mkgw_mhyper_adamf,C2,-0.3,25656,0.040543810148959365,0.03460586823168133,0.19236866511759418,0.4446913002806361,0.5902691927480027,0.14557789246736663,0.6555824356580617,0.21145151231680698,0.21590248155468086,0.004450969237873886,0.50604470440149,0.5913626924818429,0.09136269248184292,0.5759706961301061,0.6561428125974431,-0.08017211646733702,0.010804287746819847,0.6687451286048324,0.19875292283710055,True,25656,25656
mkg_w,mkgw_mhyper_adamf,C2,-0.2,25656,0.02828864352636018,0.023327715602705554,0.1722874873456468,0.43740255690676644,0.5659273848632644,0.128524827956498,0.6410213481125268,0.18065949485500468,0.17779402983088552,-0.0028654650241191626,0.4913428124246432,0.5723182637279947,0.07231826372799466,0.5493263139743203,0.6180620517617711,-0.06873573778745079,0.008383113478760718,0.6395167575993764,0.18511301636788777,False,25656,25656
mkg_w,mkgw_mhyper_adamf,C2,-0.1,25656,0.015650169216619204,0.011953853564030273,0.1165269759300292,0.41456189585282194,0.4915481760228474,0.07698628017002546,0.5916584612769035,0.1402790770190209,0.13482656299482237,-0.005452514024198524,0.4828054112193567,0.538671448892922,0.038671448892921956,0.5143741741755357,0.5548409728718429,-0.040466798696307205,0.0013026887085195499,0.534294621979735,0.1558846453624318,False,25656,25656
mkg_w,mkgw_mhyper_adamf,C2,-0.05,25656,0.009478450123815561,0.006438239701408061,0.08792580900904667,0.387784533832242,0.4420405249739206,0.05425599114167862,0.5665635301571087,0.11217648893046461,0.10766147354563517,-0.004515015384829443,0.48228990904809155,0.5250814246472157,0.025081424647215744,0.480154298341075,0.4999610227627066,-0.019806724421631616,4.820338544873223e-05,0.4812938425565082,0.12159002338269681,False,25656,25656
mkg_w,mkgw_mhyper_adamf,C3,-0.3,25656,0.039978355871950526,0.034409995757015616,0.17826035581480013,0.4446913002806361,0.5729610052299422,0.12826970494930612,0.6434560531333717,0.21145151231680698,0.21932602563669523,0.007874513319888254,0.5165563046353784,0.5938521007548007,0.09385210075480066,0.5762016140120857,0.6561428125974431,-0.07994119858535742,0.014943425752638522,0.6379579111457522,0.17342166796570538,True,25656,25656
mkg_w,mkgw_mhyper_adamf,C3,-0.2,25656,0.02800741812523096,0.023292498039092988,0.1507634738147103,0.43740255690676644,0.5515297973287552,0.11412724042198874,0.6288502553440044,0.18065949485500468,0.1746911074847012,-0.005968387370303474,0.49189807983150563,0.5675286177924892,0.0675286177924892,0.5405037479230369,0.6180620517617711,-0.07755830383873419,0.008983051307901236,0.6141855027279813,0.1691348402182385,False,25656,25656
mkg_w,mkgw_mhyper_adamf,C3,-0.1,25656,0.015618416691849074,0.011970307660296392,0.11540252614903833,0.41456189585282194,0.4906087429592016,0.07604684710637966,0.5945837635816154,0.1402790770190209,0.13170976772101106,-0.008569309298009836,0.4814717464638557,0.540470792260731,0.040470792260731026,0.49475855000160135,0.5548409728718429,-0.060082422870241514,0.006973986260124209,0.5202650038971162,0.13172252533125486,False,25656,25656
mkg_w,mkgw_mhyper_adamf,C3,-0.05,25656,0.00957211400147647,0.006464693257002144,0.09157195758814855,0.387784533832242,0.438270491212712,0.050485957380470015,0.5717710524221054,0.11217648893046461,0.10386604845321382,-0.008310440477250797,0.4812969197019105,0.5283891557855417,0.028389155785541687,0.45075767422396895,0.4999610227627066,-0.049203348538737646,0.0026896174006617716,0.45713172252533124,0.10522213561964147,False,25656,25656
mkg_w,mkgw_mhyper_adamf,C4,-0.3,25656,0.03966919575049878,0.03424260005551461,0.1322670076260392,0.4446913002806361,0.5213831498992179,0.07669184961858178,0.6093095345622151,0.21145151231680698,0.2130535462745426,0.0016020339577356157,0.5041957419455063,0.5647257864576959,0.06472578645769589,0.595452398759288,0.6561428125974431,-0.0606904138381551,0.0011936912246159248,0.5249415432579891,0.1979734996102884,True,25656,25656
mkg_w,mkgw_mhyper_adamf,C4,-0.2,25656,0.02793449376712675,0.023277834778886557,0.10983541924608609,0.43740255690676644,0.5010552444675714,0.063652687560805,0.5953341615757187,0.18065949485500468,0.17453484314029621,-0.006124651714708468,0.48798818687861684,0.5443110187513085,0.044311018751308495,0.5616563078843737,0.6180620517617711,-0.056405743877397385,0.001296362093845262,0.49883086515978176,0.17809820732657833,False,25656,25656
mkg_w,mkgw_mhyper_adamf,C4,-0.1,25656,0.01583487994842912,0.012099244100706839,0.08327773164549582,0.41456189585282194,0.4541439662806507,0.03958207042782874,0.5676164825237404,0.1402790770190209,0.13611991355321185,-0.0041591634658090515,0.4894806319271083,0.5306082996394573,0.030608299639457326,0.5131720339376975,0.5548409728718429,-0.04166893893414536,0.0002279029930615957,0.4356975837879969,0.1313328137178488,False,25656,25656
mkg_w,mkgw_mhyper_adamf,C4,-0.05,25656,0.009941005030076715,0.006667001932034804,0.05704246525800765,0.387784533832242,0.4061100601673958,0.01832552633515383,0.5429682403367891,0.11217648893046461,0.10880793303171413,-0.003368555898750486,0.49259456368021737,0.519891614013959,0.019891614013959003,0.46534048329976024,0.4999610227627066,-0.034620539462946354,0.0010711334623406418,0.3803585346843336,0.10132501948558068,False,25656,25656
mkg_w,mkgw_mhyper_native,C0,-0.3,25656,0.03628315943432852,0.03262618906936258,0.12017222609332669,0.435414717804802,0.523692494548723,0.08827777674392101,0.6105270139684073,0.2086451512316807,0.19224045803497578,-0.016404693196704928,0.4541626821430409,0.5253206429747918,0.02532064297479175,0.7301903939952346,0.6440598690364827,0.08613052495875184,0.014523155314183188,0.568978955572876,0.25526110678098207,False,25656,25656
mkg_w,mkgw_mhyper_native,C0,-0.2,25656,0.02765364228519138,0.024623880273965698,0.12116701152554268,0.4321016526348612,0.5178756926431853,0.08577404000832412,0.6036240933335694,0.18401153726223884,0.16776610917805013,-0.016245428084188718,0.45814147106159225,0.5242763218056455,0.02427632180564554,0.6918700911271528,0.6161131898971001,0.07575690123005274,0.01430960376128282,0.5705378020265004,0.2244738893219018,False,25656,25656
mkg_w,mkgw_mhyper_native,C0,-0.1,25656,0.01890892284300872,0.016733637518876816,0.06840615045861041,0.4092999688182102,0.46107589699314727,0.05177592817493709,0.5575499510172178,0.15668849391955098,0.14817082706301815,-0.008517666856532824,0.4696050391415082,0.5077979661733235,0.007797966173323512,0.612824125638117,0.5659884627377612,0.04683566290035579,0.007511417669022652,0.5042868277474669,0.19290724863600936,False,25656,25656
mkg_w,mkgw_mhyper_native,C0,-0.05,25656,0.014362520987272403,0.012669261845477882,0.020875486362626924,0.3816651075771749,0.3980131614444785,0.01634805386730359,0.5170494276410766,0.13809635173058935,0.13856363924005724,0.0004672875094678952,0.4882812741814843,0.50016980343271,0.00016980343271000287,0.5424788505178492,0.5197614593077643,0.02271739121008487,-0.0010568215807707582,0.3959469992205768,0.1691348402182385,False,25656,25656
mkg_w,mkgw_mhyper_native,C0,0.05,25656,0.01349588937786666,0.011882686614365949,0.04199405751838942,0.12574056750857499,0.12240544358619568,-0.003335123922379307,0.4826947320298544,0.3893436233239788,0.41629986235386096,0.026956239029882145,0.5353062013456392,0.5059930461635511,0.005993046163551119,0.5169175357178006,0.5150841908325537,0.0018333448852468903,-0.0003560926034124119,0.12003117692907249,0.3113795791114575,False,25656,25656
mkg_w,mkgw_mhyper_native,C0,0.1,25656,0.016644773433359315,0.014695311751217494,0.06765158755623189,0.13770657935765512,0.12668719219174757,-0.011019387165907557,0.47117892926021676,0.4216557530402245,0.4638272090003291,0.042171455960104576,0.5514561890342113,0.5047467302061848,0.004746730206184768,0.5619313142001452,0.5593623323978797,0.002568981802265502,-1.3732902917709982e-05,0.10405300077942323,0.2954014029618083,False,25656,25656
mkg_w,mkgw_mhyper_native,C0,0.2,25656,0.02036132876133744,0.01783614382830119,0.12713861222376963,0.14394293732460242,0.12557413755587463,-0.018368799768727795,0.44398921954246984,0.45404583723105707,0.5345979575590387,0.08055212032798165,0.5928456586491592,0.5019179675980039,0.001917967598003889,0.6466539535271129,0.5979887745556595,0.04866517897145339,0.005631499400036129,0.09859703819173811,0.24006235385814498,False,25656,25656
mkg_w,mkgw_mhyper_native,C0,0.3,25656,0.025480724215305915,0.022417338187912438,0.18060804622200885,0.14433270969753664,0.12446688569623682,-0.019865824001299826,0.44259600755838596,0.47563922669161207,0.5874798925808442,0.11184066588923214,0.627057046844609,0.5173388630966,0.017338863096600043,0.7029115212057232,0.6199719363891487,0.08293958481657449,0.008597539899429796,0.09469992205767731,0.2240841777084957,False,25656,25656
mkg_w,mkgw_mhyper_native,C1,-0.3,25656,0.03631899130739002,0.032625893360393635,0.1180906949021472,0.435414717804802,0.5151079100095153,0.07969319220471327,0.6004904520794464,0.2086451512316807,0.19890921492359034,-0.00973593630809036,0.4702213501690745,0.5321348261657263,0.03213482616572627,0.7084458129770707,0.6440598690364827,0.06438594394058794,0.014391941001724804,0.5510522213561965,0.25175370226032734,False,25656,25656
mkg_w,mkgw_mhyper_native,C1,-0.2,25656,0.027759595673428002,0.024647201608290353,0.10656078026205655,0.4321016526348612,0.4981878375588349,0.06608618492397367,0.5857201159314629,0.18401153726223884,0.17647467954125753,-0.00753685772098131,0.47575848162175954,0.5279674863327107,0.027967486332710734,0.6677492727863958,0.6161131898971001,0.051636082889295776,0.01096378913177047,0.5331254871395168,0.2190179267342167,False,25656,25656
mkg_w,mkgw_mhyper_native,C1,-0.1,25656,0.019092030275192726,0.01677116168285873,0.05904896778842061,0.4092999688182102,0.4458102518823258,0.036510283064115634,0.546168323005545,0.15668849391955098,0.1511966413999347,-0.005491852519616286,0.4808184477409587,0.5106404815272272,0.010640481527227186,0.5952836511007106,0.5659884627377612,0.02929518836294942,0.005892009537683801,0.4820732657833203,0.18862042088854247,False,25656,25656
mkg_w,mkgw_mhyper_native,C1,-0.05,25656,0.014565301484726694,0.012714812075686258,0.021663289376195133,0.3816651075771749,0.39033313645089973,0.008668028873724809,0.5140246649986898,0.13809635173058935,0.13811794436811514,2.1592637525796876e-05,0.49347748885177933,0.5030226942244581,0.003022694224458111,0.5253359191669017,0.5197614593077643,0.005574459859137404,9.267722369870064e-05,0.4029618082618862,0.16991426344505067,True,25656,25656
mkg_w,mkgw_mhyper_native,C1,0.05,25656,0.013653486186745983,0.011888128244339933,0.019875155652864285,0.12574056750857499,0.12405124203397398,-0.0016893254746010028,0.4890086302802215,0.3893436233239788,0.4044333170153993,0.015089693691420492,0.5155585901624614,0.49973683078664893,-0.0002631692133510666,0.5142449383867851,0.5150841908325537,-0.0008392524457686568,-0.0017479338773774174,0.12587685113016367,0.3441153546375682,False,25656,25656
mkg_w,mkgw_mhyper_native,C1,0.1,25656,0.01679004661625348,0.014674892724612074,0.05578694370979337,0.13770657935765512,0.13037039035231957,-0.007336189005335558,0.4761108796573474,0.4216557530402245,0.46154287530728705,0.039887122267062536,0.5403353911278599,0.5026970831026295,0.002697083102629505,0.5637215188556273,0.5593623323978797,0.004359186457747577,0.0002315646930324006,0.12120031176929072,0.31098986749805146,False,25656,25656
mkg_w,mkgw_mhyper_native,C1,0.2,25656,0.02059225213666852,0.017849065850539213,0.11932730150034279,0.14394293732460242,0.12683207774497982,-0.017110859579622606,0.44840494301033745,0.45404583723105707,0.5290202654340713,0.07497442820301425,0.5826737796744295,0.50055063072532,0.0005506307253200227,0.6457267650497064,0.5979887745556595,0.04773799049404692,0.0032388258254778895,0.11340607950116914,0.2977396726422447,False,25656,25656
mkg_w,mkgw_mhyper_native,C1,0.3,25656,0.02571061573683459,0.02243221359011085,0.1659549899891148,0.14433270969753664,0.12534686488563998,-0.018985844811896663,0.445536685860898,0.47563922669161207,0.5688797438564198,0.09324051716480775,0.606098060816245,0.509001463207617,0.009001463207616966,0.6828209308693655,0.6199719363891487,0.06284899448021675,0.007118843129277714,0.10366328916601715,0.27786438035853467,False,25656,25656
mkg_w,mkgw_mhyper_native,C2,-0.3,25656,0.03611726243733353,0.03258118064751601,0.15597192140011443,0.435414717804802,0.5453216618809894,0.1099069440761874,0.6382611517500238,0.2086451512316807,0.18971752122947239,-0.018927630002208318,0.45125399791514614,0.5386158062554322,0.03861580625543215,0.7402695670722523,0.6440598690364827,0.09620969803576962,0.022205557597827948,0.5884645362431801,0.2572096648480125,False,25656,25656
mkg_w,mkgw_mhyper_native,C2,-0.2,25656,0.02748503703457907,0.024600296885067964,0.14976046583380187,0.4321016526348612,0.5353346532098,0.10323300057493878,0.6248909969613,0.18401153726223884,0.16832652180311958,-0.015685015459119267,0.4553513065096386,0.5336862697113396,0.03368626971133959,0.7052536470979436,0.6161131898971001,0.08914045720084351,0.01790056918554118,0.5908028059236166,0.22291504286827749,False,25656,25656
mkg_w,mkgw_mhyper_native,C2,-0.1,25656,0.01872617771017768,0.01672908332633884,0.11200243605538933,0.4092999688182102,0.4869622405187738,0.07766227170056361,0.5919478564687763,0.15668849391955098,0.14524333292229707,-0.0114451609972539,0.4654192351700547,0.5244645617735529,0.02446456177355294,0.625848689818675,0.5659884627377612,0.059860227080913875,0.010544234944104135,0.5319563522992985,0.18511301636788777,False,25656,25656
mkg_w,mkgw_mhyper_native,C2,-0.05,25656,0.014176831728370705,0.012668065637578246,0.05108171437592546,0.3816651075771749,0.42296838841349993,0.04130328083632501,0.5433547831455031,0.13809635173058935,0.13288405688123311,-0.0052122948493562304,0.4786588168060241,0.5081234411866167,0.008123441186616676,0.5575354871046192,0.5197614593077643,0.0377740277968549,0.003924367040204301,0.45479345284489475,0.17030397505845674,False,25656,25656
mkg_w,mkgw_mhyper_native,C2,0.05,25656,0.013321266443302067,0.011873997172382517,0.031622277690300814,0.12574056750857499,0.1227125468375916,-0.0030280206709833862,0.48237149729999707,0.3893436233239788,0.4204912864945427,0.03114766317056389,0.5262791783670278,0.5005315673651431,0.0005315673651431485,0.5433318191671415,0.5150841908325537,0.028247628334587715,-0.0024203772368871198,0.12314886983632112,0.3636009353078722,False,25656,25656
mkg_w,mkgw_mhyper_native,C2,0.1,25656,0.01650963997431784,0.014680207766687933,0.07949522410469465,0.13770657935765512,0.12845364977909446,-0.009252929578560665,0.46625675361405744,0.4216557530402245,0.4865042658692064,0.06484851282898191,0.5612797886864461,0.5067501449633928,0.006750144963392768,0.6143056379853654,0.5593623323978797,0.054943305587485725,-0.0018880313721863432,0.12159002338269681,0.36087295401402963,False,25656,25656
mkg_w,mkgw_mhyper_native,C2,0.2,25656,0.020282867829386583,0.01781839915568626,0.14160666619465995,0.14394293732460242,0.12568787361160533,-0.018255063712997094,0.4453368507079436,0.45404583723105707,0.5471181980866464,0.09307236085558934,0.6016985590081478,0.508655488221377,0.008655488221376961,0.6832589042424712,0.5979887745556595,0.08527012968681169,0.003105795982910969,0.10210444271239283,0.2965705378020265,False,25656,25656
mkg_w,mkgw_mhyper_native,C2,0.3,25656,0.025400360690886498,0.02239516297187269,0.17304914289250412,0.14433270969753664,0.12389073523038234,-0.020441974467154303,0.44424300317329046,0.47563922669161207,0.5791853073116805,0.10354608062006843,0.6182502077047063,0.5141334892636402,0.01413348926364022,0.7129554781780425,0.6199719363891487,0.09298354178889379,0.008742925859752471,0.09041309431021044,0.21356196414653156,False,25656,25656
mkg_w,mkgw_mhyper_native,C3,-0.3,25656,0.03642166585909453,0.03265104636245107,0.09170780698046105,0.435414717804802,0.503729677862733,0.06831496005793103,0.5826189798669672,0.2086451512316807,0.19915208020885275,-0.009493071022827954,0.4683165492075828,0.5209478727703633,0.02094787277036325,0.6983829985916811,0.6440598690364827,0.05432312955519836,0.013323738672357588,0.549103663289166,0.24318004676539362,False,25656,25656
mkg_w,mkgw_mhyper_native,C3,-0.2,25656,0.027868905310529036,0.024669179101268163,0.07875199657813042,0.4321016526348612,0.48660423063803254,0.05450257800317132,0.5655147885422153,0.18401153726223884,0.17395010447887033,-0.010061432783368518,0.46986819381785455,0.5121236014150293,0.012123601415029328,0.6565860312401129,0.6161131898971001,0.04047284134301288,0.004093875525994012,0.5303975058456742,0.2201870615744349,False,25656,25656
mkg_w,mkgw_mhyper_native,C3,-0.1,25656,0.01919641928266436,0.016781351016740473,0.04117821243578583,0.4092999688182102,0.4308279845616732,0.021528015743463025,0.5315909961411666,0.15668849391955098,0.15143901784229777,-0.005249476077253207,0.485411349151819,0.5061553839222135,0.0061553839222134865,0.5653960731882918,0.5659884627377612,-0.0005923895494693854,0.0016061947201456267,0.441153546375682,0.1843335931410756,False,25656,25656
mkg_w,mkgw_mhyper_native,C3,-0.05,25656,0.014683543740919186,0.012712211925385094,0.015962006633075777,0.3816651075771749,0.386513305740941,0.004848198163766082,0.5132112958358878,0.13809635173058935,0.13438681670196134,-0.0037095350286280027,0.4878974848084517,0.49754782340304643,-0.0024521765969535703,0.5038699006066246,0.5197614593077643,-0.015891558701139674,0.003985669548917081,0.38308651597817617,0.1430241621200312,False,25656,25656
mkg_w,mkgw_mhyper_native,C3,0.05,25656,0.01377314031407139,0.011915297658168489,0.010600747733518654,0.12574056750857499,0.12176958773854327,-0.003970979770031718,0.491511298220903,0.3893436233239788,0.38516829256629515,-0.004175330757683671,0.508261803883934,0.4974919094202631,-0.002508090579736888,0.48754334411654243,0.5150841908325537,-0.027540846716011314,-0.0007226242655951833,0.11574434918160562,0.333203429462198,False,25656,25656
mkg_w,mkgw_mhyper_native,C3,0.1,25656,0.01689570121309932,0.014727951992500593,0.029355147492477293,0.13770657935765512,0.12772196811175815,-0.009984611245896974,0.4764338558530524,0.4216557530402245,0.4321866153488413,0.010530862308616773,0.522493621317912,0.4923062128162553,-0.007693787183744694,0.5400686074299152,0.5593623323978797,-0.019293724967964443,0.0015041622241798774,0.11379579111457522,0.3441153546375682,False,25656,25656
mkg_w,mkgw_mhyper_native,C3,0.2,25656,0.020510278251679295,0.017861324235936754,0.08476396985454883,0.14394293732460242,0.1294432986834278,-0.014499638641174623,0.4604695371837423,0.45404583723105707,0.4983516495681694,0.04430581233711234,0.5567843875665885,0.4965435881006952,-0.00345641189930479,0.6104125103863357,0.5979887745556595,0.012423735830676241,0.003602169526082514,0.10717069368667187,0.29890880748246296,False,25656,25656
mkg_w,mkgw_mhyper_native,C3,0.3,25656,0.025570361377494,0.022442221466390095,0.13105176379965147,0.14433270969753664,0.13276363376936504,-0.011569075928171607,0.46073676856526485,0.47563922669161207,0.547716702952094,0.07207747626048189,0.5829424360598652,0.5090610369293119,0.009061036929311928,0.6684816584019173,0.6199719363891487,0.0485097220127686,0.008420982852367061,0.11886204208885424,0.2876071706936867,False,25656,25656
mkg_w,mkgw_mhyper_native,C4,-0.3,25656,0.03619296908333704,0.032636411143097774,0.1168771029188236,0.435414717804802,0.5146126769449683,0.07919795914016625,0.6070675287332792,0.2086451512316807,0.19534361246197543,-0.013301538769705273,0.4662397325760387,0.5331584076975485,0.03315840769754852,0.6988046786055448,0.6440598690364827,0.054744809569062136,0.012847948794650565,0.5401402961808262,0.24395946999220577,False,25656,25656
mkg_w,mkgw_mhyper_native,C4,-0.2,25656,0.027566094181600945,0.024637825728070828,0.10193561139307736,0.4321016526348612,0.4927498403746464,0.0606481877397852,0.5819692511940403,0.18401153726223884,0.17571212570067857,-0.008299411561560277,0.4782137315209973,0.5285539356225306,0.028553935622530613,0.64598685917009,0.6161131898971001,0.029873669272989956,0.008709693495013486,0.5179267342166797,0.19290724863600936,False,25656,25656
mkg_w,mkgw_mhyper_native,C4,-0.1,25656,0.01887096354392038,0.016749131256421763,0.0580011382231885,0.4092999688182102,0.4384040009112979,0.029104032093087706,0.5455617068849329,0.15668849391955098,0.1500355504174517,-0.006652943502099273,0.4845639959750149,0.5135418162022949,0.013541816202294887,0.5628636927124121,0.5659884627377612,-0.003124770025349055,0.005552704078286434,0.4353078721745908,0.1691348402182385,False,25656,25656
mkg_w,mkgw_mhyper_native,C4,-0.05,25656,0.014344338107608313,0.012678088469198786,0.032173610527420335,0.3816651075771749,0.3919379580599634,0.010272850482788476,0.5251899880602771,0.13809635173058935,0.13419945570852387,-0.0038968960220654714,0.49128363450814605,0.5080191263635006,0.00801912636350055,0.4993782983750025,0.5197614593077643,-0.020383160932761768,0.0025392789091011956,0.37957911145752143,0.1504286827747467,False,25656,25656
mkg_w,mkgw_mhyper_native,C4,0.05,25656,0.013516511622371009,0.011888010569215584,0.029314587982389208,0.12574056750857499,0.1249821984190269,-0.000758369089548086,0.4949989897619072,0.3893436233239788,0.3960731597349648,0.006729536410986003,0.5200923096212625,0.5077031262597165,0.007703126259716475,0.5024500859821895,0.5150841908325537,-0.012634104850364203,0.0020668125551333728,0.12314886983632112,0.32229150428682773,False,25656,25656
mkg_w,mkgw_mhyper_native,C4,0.1,25656,0.01667209470090408,0.01469285669988869,0.058755358238188386,0.13770657935765512,0.13053668919871272,-0.007169890158942399,0.476284624576444,0.4216557530402245,0.45147943508277755,0.029823682042553035,0.5420119436958033,0.5033413793837853,0.0033413793837853145,0.5682897214458582,0.5593623323978797,0.008927389047978518,0.0029963632506389702,0.12509742790335152,0.33359314107560406,False,25656,25656
mkg_w,mkgw_mhyper_native,C4,0.2,25656,0.020356987401147636,0.01781945793416473,0.10548439806960756,0.14394293732460242,0.13077939953380965,-0.013163537790792768,0.4593319002804596,0.45404583723105707,0.5164363125621068,0.06239047533104969,0.5719817175895086,0.5042332293973674,0.004233229397367366,0.6442797754575403,0.5979887745556595,0.046291000901880874,0.00523141976843,0.11652377240841777,0.3102104442712393,False,25656,25656
mkg_w,mkgw_mhyper_native,C4,0.3,25656,0.02549350656722929,0.02239797167422967,0.1447173538259081,0.14433270969753664,0.12793100863105963,-0.01640170106647701,0.4479518263300802,0.47563922669161207,0.5637947630910083,0.08815553639939622,0.5970134891759796,0.5059064733731025,0.005906473373102461,0.7009510649356445,0.6199719363891487,0.0809791285464958,0.008599961943979637,0.10795011691348402,0.2626656274356976,False,25656,25656
mkg_w,mkgw_native_adamf,C0,-0.3,25656,0.05215088123463277,0.04749836054631233,0.05673626441166559,0.3178203928905519,0.3385760123204372,0.020755619429885297,0.5265740259349315,0.3681789834736514,0.3910992066766803,0.02292022320302889,0.5272968931618579,0.5354414681264548,0.03544146812645477,0.6885328094030171,0.6859993763642033,0.002533433038813815,-0.0036267896778359636,0.3417770849571317,0.3293063133281372,False,25656,25656
mkg_w,mkgw_native_adamf,C0,-0.2,25656,0.041046786229913965,0.037103868770370786,0.04590214342231428,0.3124805113813533,0.32755349490282903,0.015072983521475736,0.5166690117080206,0.33999844091050824,0.36120900470192513,0.021210563791416892,0.5278690162973738,0.5300027279243575,0.030002727924357542,0.654855346596969,0.6524789522918616,0.0023763943051073877,-0.00536837436722102,0.3324240062353858,0.30748246297739673,False,25656,25656
mkg_w,mkgw_native_adamf,C0,-0.1,25656,0.02735680177815364,0.024436922682491136,0.03497925866870367,0.29825381976925475,0.3085252568662561,0.010271437097001346,0.5139651003093579,0.2960710944808232,0.3059911478462837,0.00992005336546048,0.5219323701289423,0.5254470001268998,0.02544700012689982,0.5847172347523639,0.5943249142500779,-0.009607679497714017,-0.0023507993771230513,0.31060015588464535,0.2529228371005456,False,25656,25656
mkg_w,mkgw_native_adamf,C0,-0.05,25656,0.02097762143661006,0.018682313478487807,0.024130774293338736,0.28219519800436543,0.29026681308636315,0.008071615081997718,0.514835867411715,0.26387589647645776,0.26427981483604607,0.0004039183595883067,0.5106857267370061,0.5188472665399022,0.018847266539902208,0.5308789904496014,0.5460710944808232,-0.015192104031221842,-0.0015825633202320253,0.2922837100545596,0.23928293063133282,False,25656,25656
mkg_w,mkgw_native_adamf,C0,0.05,25656,0.01952594327065679,0.017239796587811877,0.012664977745131976,0.24154193950732772,0.25476745983321647,0.013225520325888751,0.5357467212812069,0.29556439039600874,0.2825781681700341,-0.01298622222597462,0.47843911251275917,0.5116693424142837,0.011669342414283745,0.5129142254875152,0.5371063299033364,-0.024192104415821203,-0.0015594819340502923,0.24473889321901793,0.29968823070927514,False,25656,25656
mkg_w,mkgw_native_adamf,C1,-0.3,25656,0.05209535036781368,0.04737956189476985,0.06820088645006307,0.3178203928905519,0.35194762077778285,0.03412722788723094,0.5458541834680682,0.3681789834736514,0.3814445967427788,0.013265613269127396,0.5208767247785163,0.5452314931014349,0.04523149310143493,0.664528776849564,0.6859993763642033,-0.021470599514639255,0.00010970482835665082,0.3721745908028059,0.3055339049103663,True,25656,25656
mkg_w,mkgw_native_adamf,C1,-0.2,25656,0.04106117250619632,0.0370293887424618,0.06788948964201459,0.3124805113813533,0.34639756630282004,0.03391705492146674,0.5460147215513312,0.33999844091050824,0.351664271923255,0.011665831012746763,0.5204771306059605,0.5457844288270207,0.04578442882702072,0.6320129137168452,0.6524789522918616,-0.020466038575016388,0.0012082417440789606,0.3620420888542479,0.2946219797349961,True,25656,25656
mkg_w,mkgw_native_adamf,C1,-0.1,25656,0.027416108394788377,0.024417153389847936,0.03968280604621792,0.29825381976925475,0.3209175840429073,0.022663764273652576,0.5325530842713352,0.2960710944808232,0.2964164241725887,0.00034532969176548356,0.5071738520652882,0.5283479065108965,0.02834790651089647,0.5681478668834188,0.5943249142500779,-0.026177047366659156,-0.0003478636672105743,0.3363211223694466,0.24980514419329697,False,25656,25656
mkg_w,mkgw_native_adamf,C1,-0.05,25656,0.021008574540416325,0.018671356701929983,0.026045760334823344,0.28219519800436543,0.2912429765613357,0.009047778556970254,0.5253138147647254,0.26387589647645776,0.25689368333335105,-0.006982213143106708,0.49766512860886064,0.5170399756808147,0.017039975680814723,0.5089867745695854,0.5460710944808232,-0.03708431991123784,0.0017066832351803902,0.2790335151987529,0.22915042868277474,False,25656,25656
mkg_w,mkgw_native_adamf,C1,0.05,25656,0.019646154678972464,0.017249418682992904,0.030182083483066283,0.24154193950732772,0.2607729237886037,0.01923098428127601,0.5502538477831141,0.29556439039600874,0.2798105212190809,-0.015753869176927837,0.48383881467016865,0.5275597145556152,0.027559714555615233,0.4880173033966951,0.5371063299033364,-0.04908902650664132,-0.004999024929645411,0.2525331254871395,0.28020265003897116,False,25656,25656
mkg_w,mkgw_native_adamf,C2,-0.3,25656,0.052120697538808554,0.04749180849010977,0.05627855909188366,0.3178203928905519,0.346394237860585,0.02857384497003307,0.5376673304683046,0.3681789834736514,0.3795254953434365,0.01134651186978508,0.516256498349069,0.5361083236206102,0.03610832362061023,0.6836190081418375,0.6859993763642033,-0.0023803682223657585,0.0001801837287997262,0.3542478565861263,0.3250194855806703,True,25656,25656
mkg_w,mkgw_native_adamf,C2,-0.2,25656,0.04107446647322823,0.037108657439193726,0.04702540169008907,0.3124805113813533,0.33565787134853997,0.023177359967186673,0.5285771710680313,0.33999844091050824,0.3522273482817706,0.012228907371262365,0.5154218202320995,0.5298690057215486,0.029869005721548603,0.6575896315685013,0.6524789522918616,0.0051106792766396625,-0.0017898222535114921,0.34762275915822294,0.3117692907248636,False,25656,25656
mkg_w,mkgw_native_adamf,C2,-0.1,25656,0.02743165332326,0.024446617412485838,0.03658323947568957,0.29825381976925475,0.31066028554346004,0.012406465774205289,0.5150992430618601,0.2960710944808232,0.3081544553049898,0.012083360824166611,0.5200089536837305,0.524714668104681,0.024714668104681037,0.5932762373759541,0.5943249142500779,-0.0010486768741237995,-0.002205022655730399,0.31488698363211226,0.2572096648480125,False,25656,25656
mkg_w,mkgw_native_adamf,C2,-0.05,25656,0.021045918177311027,0.018699932031393137,0.020012593379548804,0.28219519800436543,0.288679643280803,0.006484445276437545,0.5122479071765603,0.26387589647645776,0.2630971379691155,-0.0007787585073422698,0.5092420377821621,0.515916804720207,0.015916804720206956,0.5339043879712193,0.5460710944808232,-0.012166706509603942,-0.0026277207152266124,0.29345284489477785,0.22915042868277474,False,25656,25656
mkg_w,mkgw_native_adamf,C2,0.05,25656,0.019573399782688787,0.017253815692643185,0.0034210883993204175,0.24154193950732772,0.2528858485703521,0.011343909063024404,0.5325787499414429,0.29556439039600874,0.2764817499740704,-0.019082640421938357,0.4702191047415883,0.5032697796900999,0.0032697796900998943,0.5153735992866827,0.5371063299033364,-0.021732730616653706,-0.004420420508258002,0.23655494933749024,0.3020265003897116,False,25656,25656
mkg_w,mkgw_native_adamf,C3,-0.3,25656,0.05240087617382761,0.04755676808788169,0.045564069404447384,0.3178203928905519,0.34648151344511896,0.028661120554567043,0.5345009520899353,0.3681789834736514,0.3752080888337507,0.007029105360099264,0.509332051155286,0.5295160254347927,0.029516025434792703,0.6839426760650965,0.6859993763642033,-0.0020567002991067618,-0.004640946152450698,0.36321122369446607,0.35619641465315666,False,25656,25656
mkg_w,mkgw_native_adamf,C3,-0.2,25656,0.041437698034989146,0.0371890598088031,0.04578144934749303,0.3124805113813533,0.3417600727191082,0.02927956133775489,0.5356494631571327,0.33999844091050824,0.3444483848143068,0.004449943903798548,0.5087728331684986,0.530460835324271,0.03046083532427102,0.6483460338475271,0.6524789522918616,-0.004132918444334499,-0.002829183955973087,0.3581449727201871,0.32268121590023385,False,25656,25656
mkg_w,mkgw_native_adamf,C3,-0.1,25656,0.028023552362338135,0.02457788875447071,0.025820039080105644,0.29825381976925475,0.3216148016049841,0.023360981835729377,0.5300363387040784,0.2960710944808232,0.2905596522805925,-0.005511442200230698,0.49576565768426234,0.5182947606754814,0.018294760675481414,0.5891868382437986,0.5943249142500779,-0.005138076006279357,-0.004805007746764183,0.3293063133281372,0.29734996102883865,False,25656,25656
mkg_w,mkgw_native_adamf,C3,-0.05,25656,0.02180205566682965,0.01882874174393934,0.015414101631657046,0.28219519800436543,0.3013732181932245,0.019178020188859057,0.5248395132025478,0.26387589647645776,0.2547495391292616,-0.009126357347196135,0.48972287428997524,0.5104329100598186,0.010432910059818612,0.5411893930329728,0.5460710944808232,-0.004881701447850495,-0.00271450678131159,0.30670303975058455,0.27240841777084956,False,25656,25656
mkg_w,mkgw_native_adamf,C3,0.05,25656,0.02032266515734902,0.01738386086005691,0.0035828050243748564,0.24154193950732772,0.25474494694373667,0.013203007436408953,0.5256074134696451,0.29556439039600874,0.2822974113160925,-0.013266979079916252,0.4784486238094908,0.5040364870921982,0.004036487092198171,0.52984794282307,0.5371063299033364,-0.007258387080266382,-0.0026850221211045604,0.25370226032735776,0.31995323460639125,False,25656,25656
mkg_w,mkgw_native_adamf,C4,-0.3,25656,0.05220306159274978,0.04751595935215229,0.0627534844531471,0.3178203928905519,0.3496685562428864,0.03184816335233448,0.5441789237892768,0.3681789834736514,0.37341613129661455,0.00523714782296314,0.5145673161761201,0.5399187400428684,0.03991874004286844,0.6622863956586998,0.6859993763642033,-0.023712980705503428,0.0018234003393130167,0.37022603273577553,0.3230709275136399,True,25656,25656
mkg_w,mkgw_native_adamf,C4,-0.2,25656,0.041170633703249734,0.0371205864795517,0.06127115542231285,0.3124805113813533,0.3427329562438664,0.030252444862513106,0.5441082655137639,0.33999844091050824,0.34630510036098655,0.0063066594504783136,0.5147614974904398,0.5407225040003337,0.040722504000333726,0.6259232268328926,0.6524789522918616,-0.026555725458969004,4.203725984755086e-05,0.3550272798129384,0.28799688230709275,True,25656,25656
mkg_w,mkgw_native_adamf,C4,-0.1,25656,0.02768169884650964,0.02449964935095592,0.03666688332254372,0.29825381976925475,0.3191294244477903,0.020875604678535553,0.5351652121681039,0.2960710944808232,0.2901095013760049,-0.005961593104818308,0.49949143397148466,0.5249682182715364,0.02496821827153639,0.5638729096594203,0.5943249142500779,-0.030452004590657666,-0.0032946850910304435,0.3215120810600156,0.25604053000779425,False,25656,25656
mkg_w,mkgw_native_adamf,C4,-0.05,25656,0.02143170580268911,0.018755300302879318,0.03139695751925531,0.28219519800436543,0.29695832595741933,0.0147631279530539,0.5330548277140704,0.26387589647645776,0.2566570309069292,-0.007218865569528554,0.49741334581382407,0.5224735284036658,0.022473528403665788,0.5132162494991215,0.5460710944808232,-0.03285484498170177,0.0003309705799719641,0.29189399844115355,0.21551052221356196,False,25656,25656
mkg_w,mkgw_native_adamf,C4,0.05,25656,0.0199274572587501,0.017314350543605708,0.00031005088807475704,0.24154193950732772,0.2433433695695744,0.0018014300622466728,0.5206229757476449,0.29556439039600874,0.27912386519746996,-0.01644052519853878,0.4804117999650034,0.501707636500635,0.0017076365006349903,0.49661326992422555,0.5371063299033364,-0.040493059979110846,-0.006976982229785879,0.2186282151208106,0.28176149649259546,False,25656,25656
