dataset,pair_id,representation,direction,count,mae,smooth_l1,spearman,positive_prevalence,positive_auprc,positive_auprc_lift,positive_auroc,harmful_prevalence,harmful_auprc,harmful_auprc_lift,harmful_auroc,positive_vs_harmful_auroc,positive_vs_harmful_auroc_lift,nonzero_activity_auprc,nonzero_activity_prevalence,nonzero_activity_auprc_lift,highest_10pct_actual_mean_advantage,highest_10pct_positive_rate,highest_10pct_harmful_rate,h1_style_pass,n_queries
db15k,db15k_mhyper_adamf,R0,head,95064,0.02457988284749255,0.021248503382618373,0.054534362634709344,0.43762097113523524,0.48300431981367975,0.04538334867844451,0.5756774675157765,0.2666624589750063,0.25022649762363147,-0.016435961351374817,0.45681149790983155,0.508199342183803,0.008199342183803027,0.6395511786797508,0.7042834301102415,-0.06473225143049077,-0.0025461751879319425,0.47832947612034504,0.3398905954134231,False,23766
db15k,db15k_mhyper_adamf,R0,tail,95064,0.03821784831344658,0.034260540902579927,0.09999246920969113,0.2560695952200623,0.32693347368491554,0.07086387846485326,0.5801969771621894,0.1554847260792729,0.18200786140665517,0.026523135327382263,0.5306502783815149,0.5820940099745957,0.0820940099745957,0.41202078875013354,0.41155432129933517,0.00046646745079836904,-0.00724193683531924,0.3864927414264675,0.1684199452977067,False,23766
db15k,db15k_mhyper_adamf,R1,head,95064,0.025336019232158502,0.021455011028872293,0.06594932709633836,0.43762097113523524,0.49693553392082773,0.059314562785592495,0.597698289298993,0.2666624589750063,0.2493648365053843,-0.017297622469621993,0.4493797852244892,0.5141378339893574,0.014137833989357418,0.6140030048821943,0.7042834301102415,-0.09028042522804725,-0.0007434383521320967,0.4869556069850621,0.34588680833158003,False,23766
db15k,db15k_mhyper_adamf,R1,tail,95064,0.03948729855125744,0.03470956196841947,0.1283769841448606,0.2560695952200623,0.3322488041380754,0.07617920891801311,0.5924518039076765,0.1554847260792729,0.1991198353832309,0.043635109303957975,0.5601893432386829,0.6141008475206611,0.11410084752066108,0.4097005759910789,0.41155432129933517,-0.0018537453082562716,-0.005147746035000979,0.389753839680202,0.13770250368188514,False,23766
db15k,db15k_mhyper_adamf,R2,head,95064,0.02492889330258165,0.021268421983249585,0.05202300552885255,0.43762097113523524,0.48849960599115255,0.050878634855917315,0.5729426887033858,0.2666624589750063,0.2507878916174692,-0.01587456735753706,0.4540870425286203,0.505314378092314,0.005314378092314054,0.6581366198085152,0.7042834301102415,-0.04614681030172629,-0.0008413515116522982,0.49758047548916473,0.3327372185987797,False,23766
db15k,db15k_mhyper_adamf,R2,tail,95064,0.03827469094745788,0.03421942342237214,0.1043890271856826,0.2560695952200623,0.33478245499285586,0.07871285977279358,0.5781717867179546,0.1554847260792729,0.19585988136672358,0.04037515528745067,0.5381031119396394,0.5854279127412102,0.0854279127412102,0.4369141315880119,0.41155432129933517,0.025359810288676732,-0.007057392071569911,0.40847885545970963,0.16757837155480748,False,23766
db15k,db15k_mhyper_adamf,R3,head,95064,0.025029657183738757,0.02137923075685438,0.06296976363143221,0.43762097113523524,0.49248486391607926,0.054863892780844026,0.5799520265874994,0.2666624589750063,0.25273072299769467,-0.013931735977311621,0.4621103498152695,0.5155288586584604,0.015528858658460432,0.6376803582776731,0.7042834301102415,-0.06660307183256842,-0.0016432407328124884,0.501051967178624,0.29086892488954347,False,23766
db15k,db15k_mhyper_adamf,R3,tail,95064,0.038682171381372504,0.03438898890092657,0.11303941386289652,0.2560695952200623,0.3291363722908107,0.07306677707074843,0.580645260937304,0.1554847260792729,0.19921915438191026,0.04373442830263735,0.5521748843605789,0.6003819716428229,0.10038197164282292,0.4251399300136684,0.41155432129933517,0.01358560871433323,-0.0035334191030231402,0.3867031348621923,0.14148958552493163,False,23766
db15k,db15k_mhyper_native,R0,head,95064,0.01645486367949805,0.013715959970700435,0.02898744335738191,0.42116889674324665,0.4329346444468357,0.011765747703589069,0.5306370594248117,0.2527981149541362,0.2521958403577905,-0.0006022745963456533,0.5019608526994603,0.5191196821948909,0.019119682194890908,0.6287774022813222,0.6739670116973828,-0.04518960941606065,1.8052761602665228e-06,0.4168945928887019,0.2154428781822007,False,23766
db15k,db15k_mhyper_native,R0,tail,95064,0.02477732147366628,0.021729261228878298,0.041784432359971924,0.23940713624505597,0.2558612765637871,0.01645414031873113,0.5284494590797081,0.1278717495581924,0.1454516369855814,0.017579887427389,0.5291533584651996,0.5465734903176843,0.04657349031768432,0.3726537023798079,0.36727888580324836,0.005374816576559527,-0.0017103594503734712,0.2682516305491269,0.10908899642331159,False,23766
db15k,db15k_mhyper_native,R1,head,95064,0.016456003866452767,0.013694474118940245,0.08134079407265306,0.42116889674324665,0.4677991859579568,0.04663028921471013,0.568854707380658,0.2527981149541362,0.251346324793479,-0.0014517901606571626,0.512380459053338,0.5508591982215764,0.05085919822157636,0.6305043033404547,0.6739670116973828,-0.043462708356928115,0.002517102201643029,0.4831685251420156,0.20555438670313486,False,23766
db15k,db15k_mhyper_native,R1,tail,95064,0.024700528579771994,0.0216696197646611,0.09931982378878057,0.23940713624505597,0.321442103925278,0.08203496768022203,0.5995640100388463,0.1278717495581924,0.13799898359138224,0.010127234033189852,0.4890130514398203,0.5625411545423359,0.06254115454233589,0.39307823754297977,0.36727888580324836,0.025799351739731413,0.0020328264358772195,0.38849147906585313,0.16273932253313697,True,23766
db15k,db15k_mhyper_native,R2,head,95064,0.01673203062112403,0.013734661661951968,0.0189184557859992,0.42116889674324665,0.46223024680489583,0.04106135006164918,0.5473954179614127,0.2527981149541362,0.2246116691097748,-0.02818644584436139,0.44439659201769716,0.485823034009003,-0.014176965990996993,0.6870558315474117,0.6739670116973828,0.013088819850028854,0.004320617097625556,0.49579213128550387,0.30212497370082053,False,23766
db15k,db15k_mhyper_native,R2,tail,95064,0.024649867597574603,0.02168791710995243,0.06639657821447649,0.23940713624505597,0.30732121839853477,0.0679140821534788,0.568270138659338,0.1278717495581924,0.13712400135544067,0.009252251797248284,0.48929486642766434,0.5401597072034002,0.04015970720340023,0.42138515590401837,0.36727888580324836,0.054106270100770015,-0.0005278008339526041,0.3750262991794656,0.1755733221123501,False,23766
db15k,db15k_mhyper_native,R3,head,95064,0.0165890905523455,0.013755857347511311,0.05535970361590596,0.42116889674324665,0.4659121105097067,0.044743213766460066,0.5529188628070806,0.2527981149541362,0.24472868471733827,-0.008069430236797903,0.4978994620225366,0.5301367968697048,0.03013679686970483,0.6412550108237673,0.6739670116973828,-0.03271200087361548,0.003443200726803981,0.500525983589312,0.22101830422890806,False,23766
db15k,db15k_mhyper_native,R3,tail,95064,0.02483117677208684,0.021726088552429076,0.08250696363184482,0.23940713624505597,0.30524555881255266,0.0658384225674967,0.5797171921664461,0.1278717495581924,0.14525785264081273,0.01738610308262034,0.4966573467979581,0.554403460304788,0.05440346030478804,0.3770857588052434,0.36727888580324836,0.009806873001995065,-9.139845312416568e-06,0.3555649063749211,0.15527035556490637,False,23766
db15k,db15k_native_adamf,R0,head,95064,0.023967397097437036,0.020571067666214603,0.0863034556112326,0.4664015820920643,0.5224616775820395,0.05606009548997526,0.5779266670925219,0.2673356896406631,0.2707276215763123,0.003391931935649184,0.5069035166727295,0.5470254908100715,0.04702549081007146,0.6829885625555117,0.7337372717327274,-0.050748709177215745,-0.002046338403237208,0.5440774247843467,0.2386913528297917,False,23766
db15k,db15k_native_adamf,R0,tail,95064,0.044880966895770015,0.040746319313350376,0.12633276708362484,0.33575275603803756,0.4356768452004146,0.09992408916237705,0.6035773619766835,0.1538542455608853,0.16571962189743794,0.01186537633655263,0.509432665349744,0.5747993122452176,0.07479931224521763,0.5038129931541662,0.48960700159892284,0.014205991555243325,0.004958145484909445,0.5169366715758469,0.164317273301073,True,23766
db15k,db15k_native_adamf,R1,head,95064,0.02472901187858659,0.020824651426870604,0.04525020449666204,0.4664015820920643,0.5252643586926071,0.05886277660054284,0.5821591429339846,0.2673356896406631,0.2543682416312946,-0.012967448009368499,0.4697817384599192,0.5209079339493573,0.020907933949357305,0.6779021546347253,0.7337372717327274,-0.05583511709800215,0.00021721834314907185,0.5439722280664844,0.2811908268462024,False,23766
db15k,db15k_native_adamf,R1,tail,95064,0.0461547336230038,0.041306864173998155,0.12420537672083784,0.33575275603803756,0.44331958082670003,0.10756682478866247,0.5974302405623402,0.1538542455608853,0.17967121357439447,0.02581696801350916,0.531314537625494,0.5879460710748717,0.08794607107487173,0.5029492853864566,0.48960700159892284,0.013342283787533715,0.008197665638272195,0.5386071954555018,0.148116978750263,True,23766
db15k,db15k_native_adamf,R2,head,95064,0.024439176572742246,0.02071213506427279,0.06269787701445921,0.4664015820920643,0.5271256069218468,0.060724024829782564,0.5762978069771587,0.2673356896406631,0.263621286354675,-0.0037144032859880993,0.48858645157794955,0.5323809575045794,0.032380957504579366,0.6845338872155968,0.7337372717327274,-0.04920338451713058,-0.00041786622000500686,0.5625920471281296,0.265411319166842,False,23766
db15k,db15k_native_adamf,R2,tail,95064,0.04586269958928418,0.041201571734128875,0.11355786843683506,0.33575275603803756,0.43511581447925585,0.09936305844121829,0.5882553813252975,0.1538542455608853,0.18303083940990514,0.029176593849019827,0.5215678728393197,0.5738364758140705,0.07383647581407049,0.5335278481945362,0.48960700159892284,0.043920846595613405,0.009763191381145413,0.5393435724805387,0.1598990111508521,True,23766
db15k,db15k_native_adamf,R3,head,95064,0.024507023115501625,0.020778817598750846,0.04921974368294109,0.4664015820920643,0.5165000788576077,0.050098496765543454,0.5671308491808152,0.2673356896406631,0.2577334698827969,-0.009602219757866237,0.4780330595404707,0.5195236321315355,0.019523632131535518,0.6927923593122263,0.7337372717327274,-0.040944912420501134,-0.0013088539928360287,0.5357668840732169,0.25983589312013466,False,23766
db15k,db15k_native_adamf,R3,tail,95064,0.045922575121051926,0.04124943833870345,0.12044996221460576,0.33575275603803756,0.4356022260289462,0.09984946999090866,0.5867218183590669,0.1538542455608853,0.18278908901029317,0.02893484344940786,0.5271078626551627,0.5774211735327829,0.07742117353278288,0.5446132816053003,0.48960700159892284,0.05500628000637747,0.0139033277942271,0.5361876709446666,0.15243004418262152,True,23766
mkg_w,mkgw_mhyper_adamf,R0,head,51312,0.016500291183208365,0.01305536735485271,0.1315278484516245,0.5505339881509199,0.6235109111279785,0.0729769229770586,0.6083425349400904,0.20088868101029,0.2023217420852309,0.0014330610749409,0.51069374858116,0.5581440529012514,0.05814405290125135,0.6872114062051039,0.7514226691612098,-0.06421126295610591,-0.0020581628518409763,0.6503605534983434,0.18865718183589944,False,12828
mkg_w,mkgw_mhyper_adamf,R0,tail,51312,0.028481595628141603,0.024238701934285702,0.13212908226130568,0.2916861552853134,0.3894032283554715,0.09771707307015809,0.6025483421715512,0.1213946055503586,0.13681026415708128,0.015415658606722685,0.5277234362191564,0.5936598966916492,0.0936598966916492,0.41516207396792393,0.41308076083567197,0.0020813131322519607,0.0035931298593374025,0.46248294679399726,0.1243422334827519,True,12828
mkg_w,mkgw_mhyper_adamf,R1,head,51312,0.01643132961180727,0.01298190132577088,0.13559997473292257,0.5505339881509199,0.6230130673503401,0.0724790791994202,0.604802644949675,0.20088868101029,0.21072941904502074,0.009840738034730734,0.5221824876053434,0.5657972989054196,0.06579729890541963,0.6838998358603736,0.7514226691612098,-0.0675228333008362,-0.00010957765019121452,0.6335996881699474,0.1808614305203664,False,12828
mkg_w,mkgw_mhyper_adamf,R1,tail,51312,0.028587810007016518,0.024262863018069257,0.15545712410818258,0.2916861552853134,0.4020815834013652,0.1103954281160518,0.6206539561520602,0.1213946055503586,0.14148361291399655,0.02008900736363796,0.5342059374285435,0.6114573804758224,0.11145738047582243,0.38971104651240396,0.41308076083567197,-0.02336971432326801,0.009587616455123434,0.4572208146560125,0.12102903917365036,True,12828
mkg_w,mkgw_mhyper_adamf,R2,head,51312,0.017123343803201727,0.013283007991112358,0.14450334164077044,0.5505339881509199,0.646615191759855,0.09608120360893513,0.6147230419754693,0.20088868101029,0.21958881724081006,0.018700136230520054,0.5336741840248262,0.5785561493840606,0.07855614938406064,0.7024182792794822,0.7514226691612098,-0.04900438988172762,-0.0017309050388841047,0.7185733775092574,0.1703371662443968,False,12828
mkg_w,mkgw_mhyper_adamf,R2,tail,51312,0.02959696030682358,0.024722246934158948,0.1339990877678328,0.2916861552853134,0.40598898501395086,0.11430282972863748,0.601050009383233,0.1213946055503586,0.14525073490677884,0.023856129356420244,0.5420517915463797,0.6043991542457247,0.10439915424572466,0.41427531830151776,0.41308076083567197,0.0011945574658457914,0.008780019956746295,0.48177743129994155,0.12473202104852855,True,12828
mkg_w,mkgw_mhyper_adamf,R3,head,51312,0.01679765495876967,0.013180153179890346,0.13985262901732984,0.5505339881509199,0.6384348698127288,0.08790088166180887,0.6147651942673,0.20088868101029,0.21440461347062828,0.013515932460338276,0.5253892871483014,0.5722625673762951,0.0722625673762951,0.6927233824665225,0.7514226691612098,-0.05869928669468727,6.674968044130475e-05,0.6961605924770999,0.1703371662443968,True,12828
mkg_w,mkgw_mhyper_adamf,R3,tail,51312,0.029364823086118833,0.0246185844540561,0.13693742810008291,0.2916861552853134,0.3975704140688459,0.10588425878353253,0.6007908166986493,0.1213946055503586,0.14740049311908554,0.026005887568726946,0.5508103447889681,0.613113348751853,0.11311334875185297,0.4019639385868256,0.41308076083567197,-0.011116822248846359,0.009706787576595271,0.45566166439290584,0.10758136815435587,True,12828
mkg_w,mkgw_mhyper_native,R0,head,102624,0.014283719935891927,0.012038333188038965,0.20828858504220515,0.3577233395696913,0.4441801732320113,0.08645683366231999,0.6128103766731672,0.388992828188338,0.4635185949452503,0.07452576675691225,0.6011020723748467,0.6339814100839307,0.13398141008393072,0.7458173207079373,0.7467161677580293,-0.000898847050092022,0.0027369094093792545,0.4972714870395634,0.2567725589553693,True,12828
mkg_w,mkgw_mhyper_native,R0,tail,102624,0.029271998067244683,0.026371923853630463,0.2260372084879133,0.19482772061116307,0.3045402100925558,0.1097124894813927,0.6240958273201432,0.21803866541939507,0.34547217472462316,0.1274335093052281,0.6368300807494978,0.68945855480813,0.18945855480813,0.5203922660048833,0.41286638603055814,0.10752587997432517,0.006995288849251836,0.3778015981290197,0.16205418047164297,True,12828
mkg_w,mkgw_mhyper_native,R1,head,102624,0.014268864003588209,0.012032355757313568,0.23017814698377884,0.3577233395696913,0.44602386001354477,0.08830052044385345,0.614659352400891,0.388992828188338,0.4890672836266711,0.1000744554383331,0.621889448431502,0.6477966890988264,0.14779668909882637,0.750005794578653,0.7467161677580293,0.0032896268206237256,0.0022026415845244384,0.49045020463847205,0.25648021828103684,True,12828
mkg_w,mkgw_mhyper_native,R1,tail,102624,0.029097153759783462,0.026356755775036877,0.22331116153078232,0.19482772061116307,0.3166987882564993,0.1218710676453362,0.6262011724054551,0.21803866541939507,0.3664417376808208,0.1484030722614257,0.6317210734139256,0.6816068797221219,0.18160687972212186,0.5605414676551067,0.41286638603055814,0.14767508162454857,0.00557631711680493,0.4087897096082635,0.19080101344767103,True,12828
mkg_w,mkgw_mhyper_native,R2,head,102624,0.014273074289102756,0.012040433627865258,0.22761276754993998,0.3577233395696913,0.466634744026979,0.1089114044572877,0.627071635341747,0.388992828188338,0.47667570537709025,0.08768287718875223,0.6101764348181563,0.6459571703265975,0.1459571703265975,0.7753051831072749,0.7467161677580293,0.028589015349245628,0.005135548052632182,0.5320600272851296,0.2786006626388618,True,12828
mkg_w,mkgw_mhyper_native,R2,tail,102624,0.028975140081922052,0.026319425039950366,0.2351232288805885,0.19482772061116307,0.3502231872512733,0.15539546664011025,0.6435203255518589,0.21803866541939507,0.3590825290012451,0.14104386358185003,0.6297730084089163,0.6931974390314949,0.1931974390314949,0.5668084834126988,0.41286638603055814,0.1539420973821407,0.010202425971466936,0.46258039368544146,0.19177548236211264,True,12828
mkg_w,mkgw_mhyper_native,R3,head,102624,0.014282244548449948,0.012045296038430103,0.21747535334910964,0.3577233395696913,0.45737743282390064,0.09965409325420932,0.613571295606003,0.388992828188338,0.4892353496348236,0.1002425214464856,0.6124463135092589,0.6381260645149633,0.13812606451496334,0.7861616712313669,0.7467161677580293,0.03944550347333764,0.003057525984264424,0.5301110894562463,0.29058663028649384,True,12828
mkg_w,mkgw_mhyper_native,R3,tail,102624,0.02901549578596764,0.0263258162339399,0.22638586209485037,0.19482772061116307,0.32296038148139944,0.12813266087023636,0.638070412712825,0.21803866541939507,0.351150694291606,0.13311202887221094,0.6250771576315959,0.6914746907983729,0.19147469079837287,0.5323332820016247,0.41286638603055814,0.11946689597106652,0.009875483768323317,0.4111284350029234,0.1695575911128435,True,12828
mkg_w,mkgw_native_adamf,R0,head,64140,0.022211011660272194,0.01899956583652884,0.02828182623852093,0.3556439039600873,0.3622334633870912,0.006589559427003899,0.5215180475062122,0.40519176800748363,0.3973533334345466,-0.007838434572937036,0.5011316720386596,0.5148199310587692,0.01481993105876922,0.7163069331371772,0.760835671967571,-0.044528738830393766,-0.004897406764135721,0.3515746803866542,0.36435921421889617,False,12828
mkg_w,mkgw_native_adamf,R0,tail,64140,0.04284181878537407,0.03900880867932981,0.024031783378571286,0.22527284066105394,0.22596469172615413,0.0006918510651001963,0.5084939954178085,0.2202837542874961,0.2278887635361558,0.0076050092486597,0.5171221295148318,0.5201806323500855,0.020180632350085492,0.4286093433349504,0.44555659494855004,-0.016947251613599668,-0.0013814637571839487,0.21297162457125038,0.17227938883691923,False,12828
mkg_w,mkgw_native_adamf,R1,head,64140,0.02200675317500603,0.018968485819510807,0.02688525273896292,0.3556439039600873,0.3722539872004856,0.016610083240398255,0.5315413301097853,0.40519176800748363,0.39514402326568054,-0.010047744741803089,0.49168097552626944,0.5154689581046199,0.015468958104619901,0.7321048375596593,0.760835671967571,-0.028730834407911687,-0.003500218772627624,0.36077330838790145,0.4033364515123168,False,12828
mkg_w,mkgw_native_adamf,R1,tail,64140,0.0425278503855673,0.038967149105449184,0.03295072783140637,0.22527284066105394,0.2438319291576238,0.01855908849656987,0.5312026461813473,0.2202837542874961,0.2273558131814913,0.007072058893995203,0.5022672356550382,0.5257799046613395,0.025779904661339503,0.45214898789812286,0.44555659494855004,0.006592392949572812,-0.0038047479363319606,0.2541315871531026,0.21499844091050827,False,12828
mkg_w,mkgw_native_adamf,R2,head,64140,0.022131469322974277,0.018990556275587437,0.043931826282023495,0.3556439039600873,0.37728202523357196,0.021638121273484634,0.5352253370710831,0.40519176800748363,0.4037387513340108,-0.0014530166734728067,0.503083647456136,0.5246770881451164,0.024677088145116377,0.7337454077717395,0.760835671967571,-0.027090264195831493,-0.002174992634731333,0.3877455565949485,0.3938260056127222,False,12828
mkg_w,mkgw_native_adamf,R2,tail,64140,0.04274225052069233,0.03902990068460121,0.02636474327210404,0.22527284066105394,0.24147058222713008,0.016197741566076146,0.5122570684978367,0.2202837542874961,0.23677368014178402,0.016489925854287907,0.5174015075024495,0.5225821493215272,0.022582149321527245,0.4753367964646281,0.44555659494855004,0.029780201516078075,-0.005332501811207665,0.2664483941378235,0.21983161833489243,False,12828
mkg_w,mkgw_native_adamf,R3,head,64140,0.02191694735314224,0.018994300328162145,0.032164769250030284,0.3556439039600873,0.3704720629435352,0.014828158983447859,0.5216824177459678,0.40519176800748363,0.41014827523789654,0.00495650723041291,0.5060307930114,0.5175684661197317,0.01756846611973173,0.7567343481424175,0.760835671967571,-0.004101323825153491,-0.0037629016997201025,0.3726223885251013,0.4045837231057063,False,12828
mkg_w,mkgw_native_adamf,R3,tail,64140,0.04250626622684464,0.03899020449802743,0.04523954295665931,0.22527284066105394,0.2562663729167152,0.030993532255661288,0.5433993450553558,0.2202837542874961,0.23896119635663052,0.01867744206913441,0.5053117077778878,0.5368012706700974,0.03680127067009742,0.4756325805424402,0.44555659494855004,0.03007598559389013,-0.0020218510857162005,0.2675397567820393,0.22372934206423448,False,12828
