dataset,pair_id,representation,count,mae,smooth_l1,spearman,positive_prevalence,positive_auprc,positive_auprc_lift,positive_auroc,harmful_prevalence,harmful_auprc,harmful_auprc_lift,harmful_auroc,positive_vs_harmful_auroc,positive_vs_harmful_auroc_lift,nonzero_activity_auprc,nonzero_activity_prevalence,nonzero_activity_auprc_lift,highest_10pct_actual_mean_advantage,highest_10pct_positive_rate,highest_10pct_harmful_rate,h1_style_pass
db15k,db15k_mhyper_adamf,R0,190128,0.031398865580469566,0.02775452214259915,0.0837013807285646,0.34684528317764873,0.41526887281865643,0.0684235896410077,0.5947687985710008,0.21107359252713961,0.2081713073889781,-0.0029022851381615145,0.47214569551995894,0.536759018264014,0.036759018264013954,0.509995597406833,0.5579188757047884,-0.047923278297955396,-0.004242652350961134,0.4439068006101089,0.2639772787040446,False
db15k,db15k_mhyper_adamf,R1,190128,0.032411658891707974,0.02808228649864588,0.10636092859941226,0.34684528317764873,0.43291852436990225,0.08607324119225351,0.6192077909044281,0.21107359252713961,0.21401921542735308,0.002945622900213468,0.47309882182293916,0.551619161288784,0.051619161288783966,0.49244821418043155,0.5579188757047884,-0.06547066152435682,-0.0019790012589257755,0.4567927207699995,0.27507494871929733,False
db15k,db15k_mhyper_adamf,R2,190128,0.03160179212501977,0.027743922702810866,0.0840279307294672,0.34684528317764873,0.42611678938784114,0.07927150621019241,0.5938183487785683,0.21107359252713961,0.21430417249973868,0.003230579972599068,0.47094178658136465,0.5351420188427218,0.035142018842721834,0.5373987482821619,0.5579188757047884,-0.020520127422626433,-0.003304580489071905,0.47777836217324987,0.27512754431178665,False
db15k,db15k_mhyper_adamf,R3,190128,0.03185591428255563,0.027884109828890474,0.09322602880876953,0.34684528317764873,0.4228689483657062,0.07602366518805748,0.5973898198992555,0.21107359252713961,0.21678646832216708,0.005712875795027467,0.48253856698739883,0.547581531920522,0.04758153192052195,0.5158651861784279,0.5579188757047884,-0.04205368952636046,-0.002273656224841997,0.45994845631936043,0.2311576289906906,False
db15k,db15k_mhyper_native,R0,190128,0.020616092576582163,0.017722610599789367,0.03959115470014592,0.3302880164941513,0.3501849024626275,0.01989688596847622,0.5411493366927387,0.19033493225616427,0.19138676212089026,0.0010518298647259894,0.49979671368217127,0.5272233308740542,0.027223330874054152,0.48853482149567573,0.5206229487503156,-0.03208812725463983,-0.0008593036545182687,0.34471151317519594,0.16315152790196183,False
db15k,db15k_mhyper_native,R1,190128,0.02057826622311238,0.017682046941800672,0.09303412259254495,0.3302880164941513,0.39719231989076936,0.06690430339661807,0.5894703814301997,0.19033493225616427,0.18744087358723935,-0.0028940586689249204,0.49214864743410686,0.5545398314737933,0.054539831473793265,0.5003356653922983,0.5206229487503156,-0.020287283358017216,0.002472175880242125,0.43654341766159993,0.1843475516751696,False
db15k,db15k_mhyper_native,R2,190128,0.020690949109349318,0.0177112893859522,0.04403414145643915,0.3302880164941513,0.3951375962575183,0.06484957976336703,0.5700015120063446,0.19033493225616427,0.17400934399325604,-0.016325588262908225,0.44580098693958287,0.5026046849885757,0.0026046849885756895,0.5581454988367351,0.5206229487503156,0.03752255008641958,0.0026592193974598324,0.4561615736601273,0.26539735970125705,False
db15k,db15k_mhyper_native,R3,190128,0.02071013366221617,0.017740972949970197,0.0712876858885177,0.3302880164941513,0.39322051889775395,0.06293250240360265,0.5748640234653125,0.19033493225616427,0.18681672507362113,-0.0035182071825431427,0.48331344811935084,0.5371414320677927,0.037141432067792746,0.49947950649681344,0.5206229487503156,-0.02114344225350212,0.002421446786909727,0.4393835796560248,0.19539262609793298,False
db15k,db15k_native_adamf,R0,190128,0.03442418199660353,0.03065869348978249,0.10604660633507362,0.4010771690650509,0.4682372689459403,0.06716009988088939,0.5802989007181448,0.2105949676007742,0.2204645093685135,0.009869541767739298,0.5171474993245387,0.5620168571003588,0.06201685710035876,0.5845826728868132,0.6116721366658251,-0.02708946377901189,0.0028367963289897976,0.5149108504707306,0.18408457371272288,True
db15k,db15k_native_adamf,R1,190128,0.035441872750795196,0.031065757800434374,0.08857072563347984,0.4010771690650509,0.4898444904921274,0.0887673214270765,0.600775292142296,0.2105949676007742,0.2090608554926887,-0.0015341121080854891,0.480804937593455,0.5444463199803763,0.04444631998037629,0.5778402196317834,0.6116721366658251,-0.03383191703404165,0.004219917241964299,0.5423657497501709,0.2173249881659917,False
db15k,db15k_native_adamf,R2,190128,0.03515093808101322,0.030956853399200828,0.09003566304650441,0.4010771690650509,0.47596640131942597,0.07488923225437505,0.5810837064701996,0.2105949676007742,0.219340466088247,0.008745498487472803,0.501901492266728,0.5500580149563509,0.05005801495635087,0.5950715587804983,0.6116721366658251,-0.01660057788532676,0.004041867108433236,0.5388944406458739,0.1981801924998685,True
db15k,db15k_native_adamf,R3,190128,0.03521479911827678,0.031014127968727143,0.08656336951354537,0.4010771690650509,0.46977256762800684,0.06869539856295592,0.5738699685437606,0.2105949676007742,0.21754801471303267,0.00695304711225847,0.5007478660304836,0.544957173314778,0.044957173314778,0.6042407859513873,0.6116721366658251,-0.00743135071443779,0.0066980037694453955,0.5229053805291116,0.1850838899700205,True
mkg_w,mkgw_mhyper_adamf,R0,102624,0.02249094340567499,0.018647034644569203,0.14249186918451323,0.4211100717181166,0.512219219390632,0.09110914767251538,0.6155690211356518,0.1611416432803243,0.16407032159880575,0.0029286783184814535,0.5070305836143145,0.5729804839257718,0.07298048392577183,0.5338133736782691,0.5822517149984409,-0.048438341320171774,0.0008875953316967997,0.5546677061001754,0.15630481387643735,True
mkg_w,mkgw_mhyper_adamf,R1,102624,0.022509569809411895,0.018622382171920072,0.1629609250368285,0.4211100717181166,0.530339220850191,0.10922914913207443,0.6327438587136384,0.1611416432803243,0.1677718000359289,0.006630156755604605,0.509075396506645,0.5840014337834916,0.08400143378349156,0.5182898744504375,0.5822517149984409,-0.06396184054800336,0.004806954990342609,0.5718183589943481,0.15338140713311246,True
mkg_w,mkgw_mhyper_adamf,R2,102624,0.023360152055012653,0.019002627462635653,0.1544997685761585,0.4211100717181166,0.5424291228264391,0.12131905110832247,0.6260733881062245,0.1611416432803243,0.17414924821479114,0.013007604934466843,0.5204153593103192,0.5891299664499767,0.08912996644997673,0.5359199845931967,0.5822517149984409,-0.04633173040524419,0.004244900373571654,0.6277528746832977,0.1509452348470084,True
mkg_w,mkgw_mhyper_adamf,R3,102624,0.023081239022444255,0.018899368816973225,0.1575899938775212,0.4211100717181166,0.5421176220050279,0.12100755028691129,0.6333942162836843,0.1611416432803243,0.1714104018592827,0.010268758578958398,0.5145043526863703,0.5886708920279449,0.08867089202794487,0.5236998041474689,0.5822517149984409,-0.058551910850972,0.005313035463964866,0.6185928668875463,0.1495809783667901,True
mkg_w,mkgw_mhyper_native,R0,205248,0.0217778590015683,0.019205128520834717,0.21346011937116413,0.2762755300904272,0.3664003622525643,0.09012483216213707,0.6171573336772403,0.30351574680386656,0.38852637611402707,0.08501062931016051,0.605306637255518,0.6559162570345329,0.15591625703453293,0.604450426574506,0.5797912768942938,0.02465914968021221,0.005182573798215932,0.41554202192448236,0.1961510353227771,True
mkg_w,mkgw_mhyper_native,R1,205248,0.021683008881685832,0.019194555766175226,0.2247095705847279,0.2762755300904272,0.3771297762753664,0.10085424618493921,0.6205402491425037,0.30351574680386656,0.4119486500356791,0.10843290323181254,0.6147475151271612,0.6606797799904967,0.16067977999049665,0.6365067834388874,0.5797912768942938,0.056715506544593675,0.004085406034851703,0.44560292326431183,0.21851400730816078,True
mkg_w,mkgw_mhyper_native,R2,205248,0.021624107185512408,0.019179929333907813,0.22957427322303764,0.2762755300904272,0.4081652959685529,0.13188976587812568,0.6375536971878312,0.30351574680386656,0.40277030265087294,0.09925455584700638,0.6051468050814619,0.6637172655274883,0.16371726552748833,0.6582778587423596,0.5797912768942938,0.07848658184806578,0.00793485835711611,0.5038733252131546,0.2379537149817296,True
mkg_w,mkgw_mhyper_native,R3,205248,0.02164887016720879,0.019185556136185004,0.2205860120892106,0.2762755300904272,0.38415666217946765,0.10788113208904043,0.6191166604836826,0.30351574680386656,0.41199716947179527,0.1084814226679287,0.6132515514353664,0.6582027408743331,0.15820274087433306,0.6457337725147599,0.5797912768942938,0.06594249562046617,0.006548052155703383,0.4687941534713764,0.22781973203410474,True
mkg_w,mkgw_native_adamf,R0,128280,0.03252641522282313,0.029004187257929324,0.0234781763363983,0.29045837231057064,0.29623238411759384,0.005774011807023194,0.5200013349923507,0.31273776114748986,0.3082796403852589,-0.004458120762230955,0.5012916405066749,0.5153125798352723,0.015312579835272344,0.5673726994791845,0.6031961334580604,-0.035823433978875996,-0.0030809641031638918,0.2846897411911444,0.2694106641721235,False
mkg_w,mkgw_native_adamf,R1,128280,0.03226730178028667,0.02896781746247999,0.030902394490354673,0.29045837231057064,0.3040605198012728,0.013602147490702154,0.5251178903659167,0.31273776114748986,0.314448831032063,0.0017110698845731465,0.5035915909809218,0.5204167308559984,0.020416730855998377,0.5916254295944916,0.6031961334580604,-0.011570703863568843,-0.00378371177521645,0.3016838166510758,0.295681322107889,False
mkg_w,mkgw_native_adamf,R2,128280,0.0324368599218333,0.02901022848009432,0.035345334513889506,0.29045837231057064,0.30663381108162774,0.016175438771057093,0.5223824425344397,0.31273776114748986,0.3200738190931455,0.007336057945655616,0.5114999107027318,0.5238102569240387,0.02381025692403871,0.600518546578671,0.6031961334580604,-0.0026775868793894597,-0.0039525691672694496,0.31976925475522294,0.2987215466167758,False
mkg_w,mkgw_native_adamf,R3,128280,0.03221160678999345,0.028992252413094784,0.04087048539309485,0.29045837231057064,0.3055642735265559,0.015105901215985262,0.5187060099748624,0.31273776114748986,0.3308152758650274,0.018077514717537546,0.5203198730755003,0.5271458818064809,0.02714588180648092,0.6119541364470331,0.6031961334580604,0.008758002988972668,-0.00280009064366067,0.3094792641097599,0.2964608668537574,False
