dataset,pair_id,representation,seed,count,mae,smooth_l1,spearman,positive_prevalence,positive_auprc,positive_auprc_lift,positive_auroc,harmful_prevalence,harmful_auprc,harmful_auprc_lift,harmful_auroc,positive_vs_harmful_auroc,positive_vs_harmful_auroc_lift,nonzero_activity_auprc,nonzero_activity_prevalence,nonzero_activity_auprc_lift,highest_10pct_actual_mean_advantage,highest_10pct_positive_rate,highest_10pct_harmful_rate,h1_style_pass,n_queries
db15k,db15k_mhyper_adamf,R0,1,63376,0.0313985205341473,0.02778815163146442,0.08122369296574082,0.33500063115374906,0.40093757414438524,0.06593694299063618,0.59237851904673,0.21825296642262054,0.213539501975459,-0.004713464447161531,0.4737720781018551,0.5385546438568459,0.03855464385684593,0.5035949294814948,0.5532535975763696,-0.04965866809487485,-0.006723209429508524,0.42742189965288735,0.25055222467655414,False,15844
db15k,db15k_mhyper_adamf,R0,2,63376,0.032720953180801905,0.029013836222579796,0.08333499202122718,0.3530358495329462,0.4216387991844794,0.06860294965153318,0.5944880826910108,0.2103162080282757,0.2082255680298538,-0.002090639998421878,0.47042223553913637,0.5342805548971558,0.03428055489715576,0.5152277107053487,0.5633520575612219,-0.04812434685587319,-0.0037107148639305395,0.45045755758914485,0.2669611864941622,False,15844
db15k,db15k_mhyper_adamf,R0,3,63376,0.030077123026459488,0.02646157857375322,0.08613154423514802,0.35249936884625094,0.4230065594423521,0.07050719059610117,0.5974275136978227,0.2046516031305226,0.20287894490662206,-0.0017726582239005473,0.4717680896807973,0.536887216143031,0.03688721614303103,0.5110522725196305,0.5571509719767735,-0.046098699457143066,-0.0024470480084436827,0.4551909119596087,0.27784790154622907,False,15844
db15k,db15k_mhyper_adamf,R1,1,63376,0.03237315303324636,0.028058383451978558,0.10477596380536527,0.33500063115374906,0.42260764892043007,0.087607017766681,0.6194688407909473,0.21825296642262054,0.2180886262884371,-0.00016434013418345494,0.47032778514955176,0.5520151992327423,0.05201519923274234,0.4867152103992116,0.5532535975763696,-0.06653838717715799,-0.0031539675429318793,0.4417797412432944,0.272010097822657,False,15844
db15k,db15k_mhyper_adamf,R1,2,63376,0.03371511149985623,0.029351747550265216,0.10988932564333678,0.3530358495329462,0.4402159699125114,0.08718012037956518,0.6171382444102574,0.2103162080282757,0.2170630821508489,0.006746874122573215,0.4814187013221002,0.5563399868835086,0.05633998688350861,0.5021374870923004,0.5633520575612219,-0.061214570468921425,-0.001789579657058093,0.474755443357526,0.26585673714105396,False,15844
db15k,db15k_mhyper_adamf,R1,3,63376,0.031146712142021315,0.026836728493693864,0.1039534295376471,0.35249936884625094,0.4360969234306431,0.08359755458439216,0.6209841422074275,0.2046516031305226,0.20721928626505426,0.002567683134531651,0.4672583731893478,0.5461250603106542,0.04612506031065422,0.48862547156436903,0.5571509719767735,-0.06852550041240452,-0.0012945528742068272,0.4529820132533922,0.28857683811928053,False,15844
db15k,db15k_mhyper_adamf,R2,1,63376,0.03153703739462147,0.02771878584421252,0.08166061073455096,0.33500063115374906,0.4134277200134768,0.07842708885972771,0.5919035031044122,0.21825296642262054,0.2219381987454065,0.0036852323227859474,0.4713557737660582,0.5359231496993372,0.03592314969933719,0.5328701808193812,0.5532535975763696,-0.020383416756988404,-0.006272695827385476,0.46434206374250553,0.2765856737141054,False,15844
db15k,db15k_mhyper_adamf,R2,2,63376,0.03292295783805687,0.029014323607239864,0.08719625476468076,0.3530358495329462,0.43244978818204727,0.07941393864910107,0.5933761826145988,0.2103162080282757,0.21611692258473944,0.0058007145564637486,0.47561355946087397,0.5379345967782785,0.037934596778278484,0.5446776196359616,0.5633520575612219,-0.018674437925260245,-0.00421700436639018,0.4850110444935311,0.2739034395708425,False,15844
db15k,db15k_mhyper_adamf,R2,3,63376,0.03034538114238097,0.026498658656980215,0.08220129214579273,0.35249936884625094,0.4318213515939728,0.07932198274772184,0.5957448028252679,0.2046516031305226,0.2052979383230707,0.0006463351925480865,0.4651086225339832,0.530523586211276,0.030523586211276044,0.5347916105770457,0.5571509719767735,-0.02235936139972783,-6.118991919264878e-06,0.4824865888292837,0.27974124329441463,False,15844
db15k,db15k_mhyper_adamf,R3,1,63376,0.031746159997690045,0.02780792060890538,0.08320555845698328,0.33500063115374906,0.40634421294144085,0.07134358178769179,0.5902098966741558,0.21825296642262054,0.22285198995722227,0.004599023534601732,0.4803925522570353,0.5425615997989996,0.04256159979899965,0.514226882283189,0.5532535975763696,-0.03902671529318058,-0.004180885507139496,0.441306405806248,0.23792994635531714,False,15844
db15k,db15k_mhyper_adamf,R3,2,63376,0.033238757551449984,0.02921182338063537,0.09805020891896538,0.3530358495329462,0.4303340718738784,0.0772982223409322,0.5976336646071945,0.2103162080282757,0.21877258073576492,0.008456372707489224,0.48956827382470547,0.5529520377844978,0.05295203778449775,0.5229582478192276,0.5633520575612219,-0.04039380974199425,-0.003246993050530994,0.470653202903124,0.2221520984537709,False,15844
db15k,db15k_mhyper_adamf,R3,3,63376,0.030582825298526867,0.026632585497130674,0.09733225707083544,0.35249936884625094,0.4313671037373234,0.07886773489107246,0.6037528940459991,0.2046516031305226,0.2089824340850843,0.004330830954561687,0.4770489286209548,0.5461068653024092,0.04610686530240915,0.5106354212092322,0.5571509719767735,-0.046515550767541325,-7.812536018685064e-06,0.4671820763647838,0.23224992111076048,False,15844
db15k,db15k_mhyper_native,R0,1,63376,0.02076829623199033,0.01787492220840478,0.049136446864450754,0.3203420853319869,0.3447071170172311,0.02436503168524423,0.5479333728069297,0.1976931330472103,0.19955166456392004,0.0018585315167097272,0.5026487913784312,0.534832340383963,0.03483234038396299,0.4851330541536864,0.5180352183791972,-0.03290216422551079,-0.0010565395698564628,0.34553486904386244,0.1593562638056169,False,15844
db15k,db15k_mhyper_native,R0,2,63376,0.01783095745378762,0.015077101666268012,0.009743587032799823,0.32748990154001517,0.33422687395132766,0.006736972411312492,0.5170969721637273,0.17937389548093916,0.17758476818169416,-0.0017891272992449914,0.4958287320545391,0.5077921309245917,0.007792130924591745,0.4792062329413926,0.5068637970209543,-0.027657564079561714,-0.0013235427359070456,0.320132533922373,0.1522562322499211,False,15844
db15k,db15k_mhyper_native,R0,3,63376,0.023249024043968548,0.02021580792469531,0.05830558006270574,0.3430320626104519,0.37313217471227117,0.030100112101819287,0.5582351007765819,0.19393776824034334,0.19642454999893502,0.002486781758591683,0.4998443411045164,0.5378053903960512,0.03780539039605124,0.500814971212817,0.5369698308507953,-0.036154859637978265,0.0002776633532895021,0.36935941937519723,0.17986746607762702,True,15844
db15k,db15k_mhyper_native,R1,1,63376,0.020738809292629758,0.017842693205235908,0.08817992621836584,0.3203420853319869,0.38537138628836365,0.06502930095637677,0.5894504885958755,0.1976931330472103,0.19153846731421229,-0.006154665732998027,0.4880080600561519,0.5522658911966539,0.052265891196653924,0.49477406738612933,0.5180352183791972,-0.02326115099306786,0.002744509951402,0.42489744398863993,0.19738087724834333,False,15844
db15k,db15k_mhyper_native,R1,2,63376,0.017827551654010173,0.015042680336883787,0.07983772006630757,0.32748990154001517,0.3843526433067445,0.05686274176672934,0.5739006586211328,0.17937389548093916,0.17997351256724237,0.0005996170863032113,0.4958624686766644,0.5464902812901633,0.046490281290163304,0.49543660960874125,0.5068637970209543,-0.011427187412213047,0.0017414213653091097,0.42489744398863993,0.1644051751341117,True,15844
db15k,db15k_mhyper_native,R1,3,63376,0.02316843772269721,0.02016076728328232,0.11030819249875995,0.3430320626104519,0.4233627242833029,0.08033066167285102,0.6053240135982033,0.19393776824034334,0.1910429841004054,-0.0028947841399379337,0.49171394218726755,0.5643212301773978,0.06432123017739777,0.5109754325303272,0.5369698308507953,-0.025994398320468126,0.002400214969047226,0.4632376143893973,0.19106973808772484,False,15844
db15k,db15k_mhyper_native,R2,1,63376,0.020828481084046075,0.017871658754304305,0.0420721076584337,0.3203420853319869,0.3846108251409338,0.06426873980894693,0.5690990350394011,0.1976931330472103,0.18101387380724798,-0.01667925923996233,0.4501719646426348,0.5070109181984959,0.0070109181984958635,0.5520740032472758,0.5180352183791972,0.03403878486807865,0.0031860224372274567,0.4496686651940675,0.26680340801514674,False,15844
db15k,db15k_mhyper_native,R2,2,63376,0.01790703925908745,0.0150562292840037,0.03353260236945432,0.32748990154001517,0.38639512491668404,0.05890522337666887,0.563655279657806,0.17937389548093916,0.15909887086484506,-0.020275024616094095,0.4355591987363824,0.4896829821154988,-0.010317017884501178,0.5456609581825194,0.5068637970209543,0.038797161161565064,0.0020986071225334484,0.4411486273272326,0.2630167245187756,False,15844
db15k,db15k_mhyper_native,R2,3,63376,0.023337326984914426,0.02020598011954859,0.05499635223868675,0.3430320626104519,0.41409216878785526,0.07106010617740338,0.5768505830042521,0.19393776824034334,0.1813189889767067,-0.012618779263636637,0.450069864224579,0.509218677221506,0.009218677221506044,0.5755271647147256,0.5369698308507953,0.03855733386393034,0.003155380256219888,0.4790154622909435,0.26790785736825495,False,15844
db15k,db15k_mhyper_native,R3,1,63376,0.020846911978227266,0.017890739549149246,0.06941497250561537,0.3203420853319869,0.38112313829521016,0.06078105296322328,0.5723596273692145,0.1976931330472103,0.19525052950547964,-0.0024426035417306757,0.48564136678155956,0.5381446617092361,0.03814466170923614,0.4982224163891698,0.5180352183791972,-0.019812801990027384,0.0016046485451722313,0.4275796781319028,0.20069422530766803,False,15844
db15k,db15k_mhyper_native,R3,2,63376,0.017906143662694444,0.015085180480332102,0.054887269412083974,0.32748990154001517,0.37999614011377353,0.05250623857375836,0.5614729447055411,0.17937389548093916,0.17300010964721182,-0.00637378583372733,0.47872646852847084,0.5245648840202144,0.024564884020214395,0.48764008719011764,0.5068637970209543,-0.019223709830836655,0.0030444195281813407,0.41322183654149575,0.1844430419690754,False,15844
db15k,db15k_mhyper_native,R3,3,63376,0.023377345345726795,0.02024699882042924,0.08777415037807232,0.3430320626104519,0.4187058482638015,0.07567378565334959,0.5901294876488157,0.19393776824034334,0.19175957748063838,-0.002178190759704962,0.48439677881836257,0.546951492618027,0.046951492618027,0.5118372195458489,0.5369698308507953,-0.025132611304946373,0.0026970632872040756,0.47775323445881984,0.19990533291259072,False,15844
db15k,db15k_native_adamf,R0,1,63376,0.032864625920011624,0.029169075159916263,0.10613108612079873,0.40622633173441053,0.47289918994894975,0.06667285821453922,0.5826557928259408,0.20416245897500632,0.21252199875032762,0.008359539775321306,0.5141043361092067,0.5608443287625183,0.06084432876251833,0.5770378936204574,0.6103887907094168,-0.03335089708895933,0.0021628815901314656,0.5119911644051751,0.17434521931208583,True,15844
db15k,db15k_native_adamf,R0,2,63376,0.04178492391301485,0.03761800485790265,0.12050278817742849,0.4074728603887907,0.4823829701413756,0.07491010975258489,0.58753030267257,0.2243436001009846,0.24132191263845842,0.01697831253747381,0.5288480783306052,0.5744599007022531,0.07445990070225306,0.6092803827868187,0.6318164604897754,-0.022536077702956625,0.0026570719021762304,0.5392868412748502,0.20179867466077628,True,15844
db15k,db15k_native_adamf,R0,3,63376,0.0286229961567841,0.025189000451528554,0.08985505345813025,0.3895323150719515,0.4487069435110333,0.05917462843908178,0.5713632903078597,0.20327884372633173,0.2042895244734838,0.0010106807471520762,0.5045018286888362,0.5477451511129384,0.04774515111293842,0.5609967887680591,0.5928111587982833,-0.03181437003022414,0.0023495590614910195,0.4826443673082991,0.17308299147996214,True,15844
db15k,db15k_native_adamf,R1,1,63376,0.03384039654427379,0.029517575120276467,0.09270192742442122,0.40622633173441053,0.4964187220069063,0.09019239027249576,0.6030740518862987,0.20416245897500632,0.20339998428266834,-0.0007624746923379777,0.4791481337107804,0.5435985062255836,0.04359850622558359,0.5748012550457313,0.6103887907094168,-0.03558753566368544,0.005650700249937027,0.5462290943515304,0.22246765541180183,False,15844
db15k,db15k_native_adamf,R1,2,63376,0.0428468138503334,0.03812904981409987,0.09609965873698649,0.4074728603887907,0.4964137564314125,0.08894089604262179,0.6038995845216071,0.2243436001009846,0.22882976017047343,0.00448616006948882,0.4927104769540614,0.5550337088739286,0.055033708873928555,0.595891706325105,0.6318164604897754,-0.035924754164670336,0.004728312125741772,0.5526980119911644,0.2243609971599874,True,15844
db15k,db15k_native_adamf,R1,3,63376,0.029638407857778395,0.02555064846692679,0.07752586552384542,0.3895323150719515,0.4786501942964814,0.0891178792245299,0.5974338059607529,0.20327884372633173,0.1923946625954484,-0.010884181130883325,0.4667302442472065,0.5329731938663654,0.032973193866365436,0.5598503044505032,0.5928111587982833,-0.032960854347780066,0.0020103236461605574,0.5301356894919533,0.20558535815714737,False,15844
db15k,db15k_native_adamf,R2,1,63376,0.033586969052794055,0.02944307852239591,0.09371512671677372,0.40622633173441053,0.4807012862259182,0.07447495449150765,0.5807395390528006,0.20416245897500632,0.21554892034118991,0.011386461366183598,0.5067098748988865,0.5533317419888782,0.053331741988878245,0.5913519251421583,0.6103887907094168,-0.019036865567258476,0.007495682088111146,0.546071315872515,0.19611864941621962,True,15844
db15k,db15k_native_adamf,R2,2,63376,0.042651293355287036,0.03801717069167484,0.093153477947326,0.4074728603887907,0.4851980452876834,0.07772518489889269,0.5859513160338358,0.2243436001009846,0.23513931408572802,0.01079571398474341,0.501411625193494,0.5518423480877426,0.051842348087742574,0.6148567182159298,0.6318164604897754,-0.016959742273845557,0.003718109836021384,0.5465446513095614,0.20353423792994635,True,15844
db15k,db15k_native_adamf,R2,3,63376,0.029214551834958535,0.025410310983531748,0.08411237778207012,0.3895323150719515,0.4628098206171375,0.07327750554518597,0.5778389563573371,0.20327884372633173,0.2048815418253418,0.0016026980990100637,0.4967784823200335,0.5453923453863122,0.045392345386312205,0.5732775961889508,0.5928111587982833,-0.019533562609332478,0.0012636261472631994,0.514988955506469,0.18396970653202904,True,15844
db15k,db15k_native_adamf,R3,1,63376,0.033540851641145016,0.029426347831439693,0.09115524408510675,0.40622633173441053,0.47658706330619005,0.07036073157177952,0.5750630447342727,0.20416245897500632,0.2138204961840744,0.009658037209068077,0.5039527410867997,0.5479236189484425,0.04792361894844255,0.5992847152740588,0.6103887907094168,-0.011104075435357963,0.007998247080990117,0.5285579047017986,0.16913852950457559,True,15844
db15k,db15k_native_adamf,R3,2,63376,0.04271886889230402,0.038100523566278334,0.09349646834770817,0.4074728603887907,0.4800993562593246,0.07262649587053388,0.5810451045471386,0.2243436001009846,0.23527595112431515,0.010932351023330539,0.5032520975781034,0.55020398259933,0.05020398259933001,0.6258426341931599,0.6318164604897754,-0.00597382629661547,0.009933552149759278,0.5312401388450615,0.1970653202903124,True,15844
db15k,db15k_native_adamf,R3,3,63376,0.02938467682138128,0.025515512508463397,0.07382858308121153,0.3895323150719515,0.45198083246290033,0.06244851739094881,0.564925806557795,0.20327884372633173,0.2014265305934202,-0.0018523131329115372,0.4945445268190148,0.535931613392156,0.035931613392156,0.5825708212597288,0.5928111587982833,-0.010240337538554467,0.002508867855155275,0.5025244556642474,0.175765225623225,False,15844
mkg_w,mkgw_mhyper_adamf,R0,1,34208,0.02327486977594689,0.019436226271615734,0.14674280070484103,0.4186739943872778,0.5085471398518864,0.08987314546460856,0.618011593958767,0.16569223573433114,0.16948285517621275,0.0037906194418816097,0.5059119102113242,0.5734798458422312,0.07347984584223122,0.5335235997828865,0.5843662301216089,-0.05084263033872238,-0.001332312209958794,0.5521777258111663,0.1584332066647179,False,8552
mkg_w,mkgw_mhyper_adamf,R0,2,34208,0.021173067201017304,0.017318051877064512,0.14374448500103812,0.42323433115060805,0.524031750279782,0.10079741912917395,0.6197719111304167,0.15616230121608982,0.15456324991387752,-0.001599051302212301,0.49875644747727677,0.5685504372841295,0.06855043728412946,0.5321857146621979,0.5793966323666978,-0.04721091770449992,0.002339685447484017,0.5776088862905583,0.15375621163402514,False,8552
mkg_w,mkgw_mhyper_adamf,R0,3,34208,0.023024893240060757,0.019186825785027367,0.13713424848604835,0.421421889616464,0.5046908167740219,0.08326892715755796,0.6088979433696459,0.16157039289055192,0.1690804179114063,0.007510025020854377,0.5164439273161985,0.5770093895832125,0.07700938958321246,0.5360173928730467,0.582992282507016,-0.04697488963396923,0.0011928190060395384,0.5372698041508331,0.15638702133878982,True,8552
mkg_w,mkgw_mhyper_adamf,R1,1,34208,0.02331652171272555,0.019421669885439814,0.16807377300812754,0.4186739943872778,0.5397348150962782,0.12106082070900037,0.6396310930831083,0.16569223573433114,0.16824821114492378,0.0025559754105926313,0.5024105225168999,0.5830623086098079,0.0830623086098079,0.5181952746415379,0.5843662301216089,-0.06617095548007101,0.0035619017893651385,0.5957322420344928,0.15317158725518853,True,8552
mkg_w,mkgw_mhyper_adamf,R1,2,34208,0.021178937688867482,0.017285663757687066,0.1623794126794145,0.42323433115060805,0.529906160565247,0.10667182941463893,0.6320614786004205,0.15616230121608982,0.16168554439593952,0.005523243179849702,0.5071787445380471,0.5818291145620236,0.08182911456202357,0.5139104853352101,0.5793966323666978,-0.0654861470314877,0.0067951563924779175,0.5776088862905583,0.14294066062554808,True,8552
mkg_w,mkgw_mhyper_adamf,R1,3,34208,0.023033250026642655,0.019159812872633335,0.15848857022063237,0.421421889616464,0.5219555075224069,0.10053361790594295,0.6265206654338303,0.16157039289055192,0.17439536905923333,0.012824976168681418,0.5178536936504377,0.5873993589536344,0.08739935895363438,0.5230931029399831,0.582992282507016,-0.059899179567032834,0.004402638502980127,0.5475007307804736,0.160479391990646,True,8552
mkg_w,mkgw_mhyper_adamf,R2,1,34208,0.02418006404721104,0.019816458361394652,0.15521854329557574,0.4186739943872778,0.5371394866352255,0.11846549224794767,0.6252730688510602,0.16569223573433114,0.18199753804105961,0.01630530230672847,0.5225082978538212,0.5905111091926718,0.0905111091926718,0.5359410764604197,0.5843662301216089,-0.04842515366118927,0.0012649993173947489,0.6118094124524993,0.15434083601286175,True,8552
mkg_w,mkgw_mhyper_adamf,R2,2,34208,0.022019188454100735,0.017657740601906773,0.16312633618254266,0.42323433115060805,0.557220695504925,0.133986364354317,0.6346815557477248,0.15616230121608982,0.16541652442775304,0.00925422321166322,0.5149302274419325,0.5893651680503227,0.08936516805032269,0.5323663604466339,0.5793966323666978,-0.047030271920063926,0.007271145950546419,0.6571178018123356,0.14703303127740427,True,8552
mkg_w,mkgw_mhyper_adamf,R2,3,34208,0.023881203663726192,0.01953368342460553,0.14507102520135537,0.421421889616464,0.5326005206860462,0.11117863106958226,0.6181421687744553,0.16157039289055192,0.1756992711811828,0.014128878290630892,0.5232824415273524,0.5869859284268308,0.08698592842683084,0.5397000959597372,0.582992282507016,-0.04329218654727873,0.0033111774902786694,0.6100555393159894,0.15580239695995324,True,8552
mkg_w,mkgw_mhyper_adamf,R3,1,34208,0.023847993040944378,0.019665715586452352,0.1724338304554233,0.4186739943872778,0.5476092481327063,0.12893525374542847,0.6411065486342955,0.16569223573433114,0.18087710903361964,0.015184873299288498,0.5207584107338115,0.597981479899207,0.09798147989920702,0.526748161867076,0.5843662301216089,-0.05761806825453297,0.003797197699515819,0.6308097047646887,0.14878690441391407,True,8552
mkg_w,mkgw_mhyper_adamf,R3,2,34208,0.021698886817654656,0.01754848483964615,0.15404784707594774,0.42323433115060805,0.5456236249958342,0.12238929384522612,0.6336404861821915,0.15616230121608982,0.16169391095953595,0.005531609743446131,0.5089061261731125,0.5847397908465052,0.08473979084650518,0.518854369418377,0.5793966323666978,-0.06054226294832077,0.00799911400591274,0.6293481438175972,0.14469453376205788,True,8552
mkg_w,mkgw_mhyper_adamf,R3,3,34208,0.02369683720873372,0.01948390602482116,0.14632826348197936,0.421421889616464,0.5331270407365738,0.11170515112010981,0.6254476371830859,0.16157039289055192,0.17229237767583014,0.010721984785278221,0.513633831949426,0.5831027802271043,0.08310278022710427,0.5256177989083819,0.582992282507016,-0.05737448359863406,0.004159837261697366,0.5933937445191464,0.15434083601286175,True,8552
mkg_w,mkgw_mhyper_native,R0,1,68416,0.021229899538955856,0.018679572025045665,0.20594526067250116,0.2746872076707203,0.3603785399232379,0.08569133225251757,0.6111112272781652,0.30234155753040226,0.3852712651671709,0.08292970763676866,0.6010212492967105,0.6492816377751934,0.14928163777519343,0.6009664385943018,0.5770287652011226,0.023937673393179204,0.005555831721786082,0.4049985384390529,0.19789535223618826,True,8552
mkg_w,mkgw_mhyper_native,R0,2,68416,0.02175814096540617,0.019154658302668767,0.21979951375592602,0.2765727315247895,0.3733732572514136,0.09680052572662412,0.625330961100996,0.3059810570626754,0.3905581801917263,0.08457712312905086,0.6067609135411577,0.6621481521739339,0.16214815217393386,0.6077670163352771,0.5825537885874649,0.025213227747812206,0.0053411042439585775,0.4288219818766443,0.19117217187956737,True,8552
mkg_w,mkgw_mhyper_native,R0,3,68416,0.022345536500342895,0.019781155234789714,0.21436991539730954,0.2775666510757718,0.365992917535141,0.08842626645936924,0.6149266145119537,0.302224625818522,0.3897898476036713,0.0875652217851493,0.6080464115169171,0.6561656197330678,0.15616561973306775,0.6045658676746359,0.5797912768942938,0.024774590780342165,0.004412061440794034,0.4140602163110202,0.1977491961414791,True,8552
mkg_w,mkgw_mhyper_native,R1,1,68416,0.021123611603774628,0.018664721077956574,0.2220153555358015,0.2746872076707203,0.37088539724784575,0.09619818957712545,0.6172372927653789,0.30234155753040226,0.40933462686535627,0.106993069334954,0.6136040767141222,0.6587699692389283,0.15876996923892828,0.6271551345057661,0.5770287652011226,0.05012636930464354,0.006507742723130127,0.435399006138556,0.20739549839228297,True,8552
mkg_w,mkgw_mhyper_native,R1,2,68416,0.021645317142701376,0.019139865650114413,0.2291151004383332,0.2765727315247895,0.38431828435043675,0.10774555282564724,0.6280971389450778,0.3059810570626754,0.417183427040934,0.11120236997825855,0.6140173740173258,0.6640462058078416,0.16404620580784157,0.6474273639572091,0.5825537885874649,0.06487357536974425,0.004602026540479438,0.4630225080385852,0.2282958199356913,True,8552
mkg_w,mkgw_mhyper_native,R1,3,68416,0.0222800978985815,0.019779080570454678,0.22292701415617971,0.2775666510757718,0.3763810139728202,0.09881436289704842,0.6162252490076334,0.302224625818522,0.40971770672079083,0.10749308090226883,0.6166935936940885,0.6591669741239048,0.1591669741239048,0.6348858152330166,0.5797912768942938,0.0550945383387228,0.0014619325944104553,0.43832212803273896,0.21967261034785152,True,8552
mkg_w,mkgw_mhyper_native,R2,1,68416,0.021092146096450125,0.018659207568340143,0.22291624938817423,0.2746872076707203,0.4032195007447888,0.1285322930740685,0.6346559722361628,0.30234155753040226,0.39734901341800766,0.0950074558876054,0.5986641005979714,0.6585156521424508,0.15851565214245078,0.651914685059564,0.5770287652011226,0.0748859198584414,0.00904535782288629,0.49313066354866997,0.23808827828120432,True,8552
mkg_w,mkgw_mhyper_native,R2,2,68416,0.021589582597003176,0.01913010407086666,0.23986829655154632,0.2765727315247895,0.4161774483182158,0.1396047167934263,0.6455500044126936,0.3059810570626754,0.4087197391006899,0.1027386820380145,0.610428209132803,0.6721015645256996,0.17210156452569958,0.6619718572229215,0.5825537885874649,0.07941806863545664,0.0075762495930091905,0.5162233265127156,0.23779596609178602,True,8552
mkg_w,mkgw_mhyper_native,R2,3,68416,0.022190592863083915,0.019750476362516634,0.22571055172422536,0.2775666510757718,0.4055075817896723,0.1279409307139005,0.632455702043983,0.302224625818522,0.4023541237241023,0.10012949790558029,0.6062386643180518,0.6604056148555187,0.16040561485551874,0.6607853797176503,0.5797912768942938,0.0809941028233565,0.007000587431830756,0.5030692779888921,0.23750365390236772,True,8552
mkg_w,mkgw_mhyper_native,R3,1,68416,0.021106982303455434,0.018660144747608277,0.2207241359178515,0.2746872076707203,0.37982029611819584,0.10513308844747554,0.6155454665291179,0.30234155753040226,0.4079585639958348,0.10561700646543254,0.6139660637536583,0.656522670863684,0.156522670863684,0.6406505024993542,0.5770287652011226,0.06362173729823162,0.006664644859887175,0.4656533177433499,0.22844197603040048,True,8552
mkg_w,mkgw_mhyper_native,R3,2,68416,0.021604731408486167,0.019129155399165508,0.22683787353749177,0.2765727315247895,0.38889769537286384,0.11232496384807433,0.6256054715214643,0.3059810570626754,0.4229262301176291,0.11694517305495367,0.6162535147751675,0.6641927510570793,0.1641927510570793,0.6530590810350559,0.5825537885874649,0.07050529244759107,0.0061493316929137195,0.47047646886875183,0.23019584916691027,True,8552
mkg_w,mkgw_mhyper_native,R3,3,68416,0.022234896789684787,0.019767368261781233,0.21408086988948377,0.2775666510757718,0.38408616930901196,0.10651951823324018,0.6162216676088148,0.302224625818522,0.40529760413858296,0.10307297832006096,0.6094672883180022,0.6537979990792455,0.15379799907924552,0.6436054353827328,0.5797912768942938,0.06381415848843908,0.006505168500569674,0.4693072201110786,0.2266881028938907,True,8552
mkg_w,mkgw_native_adamf,R0,1,42760,0.03341095860060311,0.029829719666861598,0.0328432114789841,0.30011693171188025,0.31252362407059914,0.012406692358718885,0.5280784582779317,0.30778765201122543,0.30382847397987683,-0.003959178031348598,0.5014950772776448,0.5210149182942907,0.021014918294290696,0.574055802877913,0.6079045837231057,-0.033848780845192716,-0.0028548121992118445,0.3068288119738073,0.2775958840037418,False,8552
mkg_w,mkgw_native_adamf,R0,2,42760,0.030375137781751053,0.026916727604884585,0.004780986778342948,0.27666043030869975,0.27169561215526983,-0.004964818153429917,0.5037933487090392,0.31934050514499535,0.312417137679177,-0.006923367465818342,0.49588428769406545,0.4997542352867255,-0.0002457647132744767,0.5626435944460987,0.596000935453695,-0.03335734100759635,-0.0062124304769385205,0.24275023386342376,0.27104770813844714,False,8552
mkg_w,mkgw_native_adamf,R0,3,42760,0.03379314928611522,0.030266114502041783,0.03167259819625874,0.2945977549111319,0.30379011066676626,0.009192355755634374,0.5265663991963687,0.31108512628624885,0.30878089251249424,-0.002304233773754605,0.5061324985635587,0.5234542691161334,0.023454269116133353,0.5654154862187752,0.6056828811973808,-0.04026739497860554,-0.000718902628904594,0.2916276894293732,0.26637043966323665,False,8552
mkg_w,mkgw_native_adamf,R1,1,42760,0.03315717793493768,0.029803755717187613,0.026953597477608608,0.30011693171188025,0.31532852653183263,0.015211594819952379,0.5280959154952054,0.30778765201122543,0.30795313235886695,0.0001654803476415223,0.5003381200752796,0.5200730911616134,0.020073091161613377,0.591485050133498,0.6079045837231057,-0.016419533589607793,-0.005836966031386508,0.3108044901777362,0.2909260991580917,False,8552
mkg_w,mkgw_native_adamf,R1,2,42760,0.030132566567004845,0.02688899119165865,0.022090614226110562,0.27666043030869975,0.2872647764530789,0.010604346144379162,0.518672336765674,0.31934050514499535,0.31948153490698405,0.0001410297619887091,0.5002744529507206,0.5137069890085129,0.01370698900851286,0.5930391433933018,0.596000935453695,-0.0029617920603932646,-0.0044116067065034245,0.2799345182413471,0.318755846585594,False,8552
mkg_w,mkgw_native_adamf,R1,3,42760,0.03351216083891746,0.030210705478593728,0.04326859059304711,0.2945977549111319,0.30999518470235177,0.015397429791219885,0.5280597025853373,0.31108512628624885,0.31645060581147444,0.005365479525225592,0.5100958869712893,0.5269642352073216,0.026964235207321607,0.5906813671496315,0.6056828811973808,-0.015001514047749298,-0.0011639543955767185,0.31197380729653884,0.2792329279700655,False,8552
mkg_w,mkgw_native_adamf,R2,1,42760,0.03334342212787167,0.029851965441701482,0.03908515244522576,0.30011693171188025,0.3228774736333386,0.02276054192145832,0.5287638607330306,0.30778765201122543,0.31358338625959636,0.005795734248370932,0.5097166802747191,0.5268522482352701,0.026852248235270104,0.6055088667988764,0.6079045837231057,-0.002395716924229352,-0.0026872133465682658,0.3571094480823199,0.29443405051449956,False,8552
mkg_w,mkgw_native_adamf,R2,2,42760,0.03026106765360886,0.02690656856159815,0.024808592562678224,0.27666043030869975,0.2854815939843374,0.008821163675637678,0.5128759252138346,0.31934050514499535,0.3253065371100449,0.0059660319650495786,0.5082568455190493,0.5149606642125584,0.014960664212558372,0.5937862689362428,0.596000935453695,-0.0022146665174522795,-0.003424847872934178,0.28086997193638913,0.3115060804490178,False,8552
mkg_w,mkgw_native_adamf,R2,3,42760,0.03370608998401939,0.030272151436983332,0.04205494808697367,0.2945977549111319,0.31174763901091895,0.01714988409978707,0.5250921831766014,0.31108512628624885,0.3216945962146256,0.010609469928376747,0.5165474767666131,0.5291965829153142,0.02919658291531424,0.6022896575738779,0.6056828811973808,-0.0033932236235029167,-0.00510826684029938,0.3194574368568756,0.28741814780168384,False,8552
mkg_w,mkgw_native_adamf,R3,1,42760,0.03307789493923921,0.02981486058000584,0.044103147838881696,0.30011693171188025,0.31828299828568857,0.018166066573808315,0.5218236866569871,0.30778765201122543,0.3263103843648636,0.01852273235363816,0.5193942400139869,0.5285900368236232,0.028590036823623155,0.6166009351958582,0.6079045837231057,0.008696351472752495,-0.0015846616554061152,0.32483629560336763,0.2876520112254443,False,8552
mkg_w,mkgw_native_adamf,R3,2,42760,0.030067180789365638,0.02690479237800665,0.032698800018457506,0.27666043030869975,0.28317496028912376,0.006514529980424011,0.509872801972332,0.31934050514499535,0.3373407720187097,0.018000266873714366,0.5202399989784333,0.5209060401334293,0.020906040133429338,0.6034540186986417,0.596000935453695,0.0074530832449466455,-0.005596431746710827,0.2768942937324602,0.30519176800748365,False,8552
mkg_w,mkgw_native_adamf,R3,3,42760,0.03348974464137548,0.03025710428127188,0.044151611748793236,0.2945977549111319,0.3147283221241276,0.02013056721299572,0.5227265955685916,0.31108512628624885,0.32865011315984805,0.017564986873599198,0.5207114251759337,0.5301565191655976,0.030156519165597584,0.6159115892688025,0.6056828811973808,0.010228708071421733,-0.0012560938967096805,0.3274087932647334,0.2963049579045837,False,8552
